公司,2017Q4,2018Q2,2018Q4,2019Q1,2019Q2,2019Q3,2019Q4,2020Q1,2020Q2,2020Q3,2020Q4,2021Q1,2021Q2,2021Q3,2021Q4,2022Q1,2022Q2,2022Q3,2022Q4,2023Q1,2023Q2,2023Q3,2023Q4,2024Q1,2024Q2,2024Q3,2024Q4,2013Q1,2013Q2,2013Q3,2013Q4,2014Q1,2014Q2,2014Q3,2014Q4,2015Q1,2015Q2,2015Q3,2015Q4,2016Q1,2016Q2,2016Q3,2016Q4,2017Q1,2017Q2,2017Q3,2018Q1,2018Q3,Category,2025Q1,2025Q2,2025Q3,2025Q4,2026Q1,2026Q2
6680 鑫創電子 (上櫃電腦及週邊設備業),,177639.0,161911.0,102368.0,81759.0,104659.0,82725.0,88464.0,110141.0,99061.0,102580.0,71870.0,85806.0,110748.0,123592.0,87484.0,117699.0,161309.0,168146.0,113746.0,154869.0,189659.0,170354.0,105149.0,181008.0,197402.0,183018.0,,,,,,,,,,,,,,,,,,,,,,Revenue,,,,,,
8050 廣積 (上櫃電腦及週邊設備業),1145371.0,944296.0,994112.0,946665.0,912039.0,855322.0,1126330.0,1039700.0,920241.0,1043574.0,1304755.0,1046291.0,1977779.0,1412756.0,1270029.0,1483935.0,1469185.0,1878394.0,1943317.0,1617116.0,1538648.0,1509773.0,1331325.0,986318.0,1315765.0,1423326.0,1454741.0,639054.0,621927.0,700191.0,793314.0,809163.0,1067540.0,912989.0,978359.0,1126107.0,1077669.0,1030425.0,1031670.0,1111080.0,1316502.0,1267324.0,1132179.0,985726.0,943780.0,1387789.0,894064.0,1096780.0,Revenue,,,,,,
6922 宸曜 (上櫃電腦及週邊設備業),,,,,,,,,,,,,,,,,586942.0,,694967.0,287602.0,245274.0,252429.0,269500.0,339191.0,352378.0,350381.0,403382.0,,,,,,,,,,,,,,,,,,,,,,Revenue,,,,,,
6680 鑫創電子 (上櫃電腦及週邊設備業),,62471.0,58587.0,34235.0,28950.0,36254.0,30157.0,29756.0,38010.0,36032.0,32541.0,21144.0,29681.0,32599.0,39331.0,25209.0,36361.0,48712.0,62653.0,35041.0,47808.0,61656.0,54475.0,33360.0,62647.0,69251.0,64865.0,,,,,,,,,,,,,,,,,,,,,,GrossProfit,,,,,,
8050 廣積 (上櫃電腦及週邊設備業),295379.0,214272.0,244870.0,252249.0,231619.0,217446.0,249241.0,252151.0,174593.0,157747.0,182545.0,181198.0,227392.0,262794.0,363230.0,400957.0,447946.0,565071.0,539989.0,454379.0,362986.0,336869.0,323758.0,242059.0,342908.0,350410.0,298921.0,203641.0,202544.0,232465.0,252556.0,251464.0,341308.0,273912.0,325912.0,364260.0,307733.0,340235.0,354833.0,402745.0,497431.0,434597.0,388874.0,335141.0,275297.0,434997.0,216036.0,289896.0,GrossProfit,,,,,,
6922 宸曜 (上櫃電腦及週邊設備業),,,,,,,,,,,,,,,,,241198.0,,294766.0,111547.0,97299.0,126052.0,120605.0,151993.0,157053.0,151070.0,167183.0,,,,,,,,,,,,,,,,,,,,,,GrossProfit,,,,,,
6680 鑫創電子,-,"177,639","161,911","102,368","81,759","104,659","82,725","88,464","110,141","99,061","102,580","71,870","85,806","110,748","123,592","87,484","117,699","161,309","168,146","113,746","154,869","189,659","170,354","105,149","181,008","197,402","183,018",-,-,-,-,-,-,-,-,-,-,-,-,-,-,-,-,-,-,-,-,-,Revenue,"118,939","123,022","141,278","180,631","145,422","147,985"
8050 廣積,"1,145,371","944,296","994,112","946,665","912,039","855,322","1,126,330","1,039,700","920,241","1,043,574","1,304,755","1,046,291","1,977,779","1,412,756","1,270,029","1,483,935","1,469,185","1,878,394","1,943,317","1,617,116","1,538,648","1,509,773","1,331,325","986,318","1,315,765","1,423,326","1,454,741","639,054","621,927","700,191","793,314","809,163","1,067,540","912,989","978,359","1,126,107","1,077,669","1,030,425","1,031,670","1,111,080","1,316,502","1,267,324","1,132,179","985,726","943,780","1,387,789","894,064","1,096,780",Revenue,"1,547,998","1,500,613","1,244,057","1,064,893","1,229,232","2,104,838"
6922 宸曜,-,-,-,-,-,-,-,-,-,-,-,-,-,-,-,-,"586,942",-,"694,967","287,602","245,274","252,429","269,500","339,191","352,378","350,381","403,382",-,-,-,-,-,-,-,-,-,-,-,-,-,-,-,-,-,-,-,-,-,Revenue,"418,369","419,166","454,452","350,915","511,998","623,609"
3594 磐儀,"444,285","384,159","377,693","339,052","403,366","415,917","437,494","282,773","438,059","378,580","410,904","301,938","402,274","364,614","440,586","327,934","423,311","456,250","593,560","384,322","437,514","385,518","464,073","263,453","360,308","364,678","578,165","255,774","350,496","325,958","350,600","309,378","392,581","321,961","434,201","273,687","361,845","310,575","490,633","385,014","359,572","318,315","482,501","296,865","403,480","387,324","288,633","380,287",Revenue,"390,152","486,408","512,634","636,368","522,555","709,045"
2397 友通,"812,715","1,428,254","1,246,533","1,443,911","1,746,859","1,599,336","2,241,678","2,176,321","2,040,449","2,040,282","2,092,470","2,008,118","3,271,167","3,739,571","4,192,420","3,870,828","3,852,164","4,093,050","4,346,751","3,820,041","3,761,152","3,921,424",-2318445,"1,906,186","2,167,776","2,524,804","2,985,126","479,433","618,232","676,127","537,936","652,077","653,522","645,643","675,829","703,815","870,126","774,510","760,186","964,051","1,017,943","940,947","900,777","920,057","994,260","990,022","1,158,041","1,378,294",Revenue,"2,598,900","2,900,324","2,772,458","2,604,264","3,030,612","3,707,763"
8234 新漢,"1,710,035","1,484,249","2,004,681","1,566,135","1,845,822","1,705,388","2,096,063","1,536,661","1,662,393","1,663,122","1,839,718","1,333,227","1,524,593","1,818,737","2,104,023","1,725,262","1,989,421","2,065,914","2,136,100","1,663,790","1,458,826","1,400,320","1,242,573","1,164,778","1,161,066","1,501,418","1,593,803","990,688","1,066,783","972,890","1,141,162","1,203,586","1,325,829","1,412,966","1,443,244","1,298,918","1,373,580","1,282,861","1,553,071","1,273,637","1,405,207","1,585,601","1,841,165","1,435,899","1,522,153","1,696,140","1,441,586","1,707,123",Revenue,"1,649,756","1,483,745","1,246,093","1,322,559","1,146,731","1,676,559"
2395 研華,"11,759,609","12,645,444","12,366,224","12,300,590","13,976,014","14,382,282","13,485,776","11,272,189","14,018,169","13,049,851","12,779,199","13,161,403","14,209,687","15,506,864","15,744,096","16,119,517","16,824,495","18,613,912","17,186,777","17,395,607","17,028,135","15,006,349","15,137,606","13,879,270","14,643,762","14,949,502","16,313,759","6,629,587","7,808,637","7,949,357","8,272,453","8,146,552","9,278,013","9,124,537","9,182,597","8,784,667","10,026,947","9,437,752","9,751,216","10,073,400","10,712,512","10,411,332","10,804,954","10,006,239","11,406,108","11,202,795","11,355,195","12,359,655",Revenue,"17,351,246","17,835,796","17,773,911","17,921,409","20,385,264","26,126,290"
6166 凌華,"2,756,464","2,682,625","3,028,282","2,662,053","2,559,000","2,400,181","2,875,836","2,480,125","2,152,652","2,284,109","2,718,792","2,097,421","2,259,353","2,291,856","3,024,424","2,581,384","2,787,997","3,061,122","3,287,672","2,879,443","2,939,540","2,671,859","2,923,677","2,053,728","2,521,618","2,432,740","3,070,252","1,351,234","1,816,428","1,710,158","1,602,014","1,669,323","2,254,937","2,037,800","2,085,244","2,184,177","2,393,703","2,333,149","2,157,094","2,063,601","2,347,277","2,302,493","2,856,370","2,302,774","2,720,645","2,888,011","2,260,180","2,506,021",Revenue,"2,675,187","2,926,638","3,083,012","3,116,380","3,443,841","4,459,448"
3088 艾訊,"957,637","1,387,877","1,270,455","1,109,217","1,196,194","1,173,219","1,260,281","1,124,237","1,125,266","1,149,209","1,204,067","968,706","1,101,379","1,547,069","1,452,452","1,484,823","1,595,521","1,723,050","1,815,433","1,577,525","1,850,852","1,650,369","1,621,733","1,409,106","1,619,771","1,911,732","1,952,462","809,989","856,039","1,034,753","990,130","1,094,581","1,131,754","1,076,888","1,065,698","1,144,162","1,027,970","1,230,720","1,388,047","1,285,046","1,062,546","1,194,704","1,164,813","1,046,832","955,825","1,033,935","1,141,235","1,211,077",Revenue,"1,635,963","1,618,603","1,744,511","2,019,648","2,120,523","2,492,825"
6579 研揚,"1,272,952","1,392,935","1,477,260","1,541,269","1,604,614","1,431,128","1,571,369","1,398,201","1,602,325","1,486,895","1,410,764","1,266,555","1,404,716","1,559,749","2,116,684","1,951,691","2,085,452","2,059,391","2,255,542","1,928,838","2,056,104","2,063,003","2,025,258","1,802,503","1,919,052","1,734,104","1,730,372",-,-,-,-,-,-,-,-,-,-,-,-,-,"2,914,030","1,514,514","1,337,818","1,336,915","1,466,224","1,335,449","1,281,229","1,648,831",Revenue,"1,958,385","2,101,863","2,305,505","2,259,630","2,410,208","2,817,352"
公司平均數,"2,607,383.5","2,503,053","2,547,461.2","2,445,695.5","2,702,852","2,674,159","2,797,505.8","2,377,629.8","2,674,410.8","2,577,187","2,651,472","2,472,836.5","2,915,195","3,150,218.2","3,385,367.2","3,292,540","3,173,218.8","3,790,265.8","3,442,826.5","3,166,803","3,147,091.5","2,905,070.5","2,286,765.5","2,390,968","2,624,250.5","2,739,008.8","3,026,508","1,593,679.9","1,876,934.6","1,909,919.1","1,955,372.8","1,983,522.9","2,300,596.5","2,218,969.2","2,266,453.2","2,216,504.8","2,447,405.8","2,342,856","2,447,416.5","2,450,832.5","2,641,948.5","2,441,903.8","2,565,072.2","2,291,413.5","2,551,559.5","2,615,183","2,477,520.5","2,786,008.5",Revenue,"3,034,489.5","3,139,618","3,127,791.2","3,147,669.5","3,494,638.8","4,486,571"
電腦及週邊設備業,"18,367,723.15","14,854,845.09","18,949,546.02","14,712,700.67","15,467,943.65","16,909,686.25","18,428,503.28","12,999,602.08","17,134,356.18","18,653,587.23","20,260,337.19","15,955,794.11","16,899,181.56","18,935,120.55","22,083,702.23","18,636,328.37","17,550,252.77","20,562,101.65","18,764,911.77","16,412,347.2","15,908,344.92","17,438,769.31","17,450,735.28","16,008,639.55","17,636,224.72","20,506,900.42","21,037,637.8","14,455,719.93","13,584,567.67","15,450,775.64","16,083,077.2","14,128,376.97","14,009,888.09","15,966,447.51","17,408,143.55","14,926,227.12","13,829,961.13","16,720,153.01","17,459,303.54","14,125,777.55","12,965,588.54","15,759,894.21","16,706,431.94","14,088,846.97","14,451,427.28","16,962,045.08","14,757,964.19","17,577,760.62",Revenue,"21,347,359","24,957,289.53","25,308,494.61","29,172,160.4","31,665,147","36,933,044.6"
6680 鑫創電子,-,"62,471","58,587","34,235","28,950","36,254","30,157","29,756","38,010","36,032","32,541","21,144","29,681","32,599","39,331","25,209","36,361","48,712","62,653","35,041","47,808","61,656","54,475","33,360","62,647","69,251","64,865",-,-,-,-,-,-,-,-,-,-,-,-,-,-,-,-,-,-,-,-,-,GrossProfit,"43,099","37,629","42,081","61,364","47,101","53,582"
8050 廣積,"295,379","214,272","244,870","252,249","231,619","217,446","249,241","252,151","174,593","157,747","182,545","181,198","227,392","262,794","363,230","400,957","447,946","565,071","539,989","454,379","362,986","336,869","323,758","242,059","342,908","350,410","298,921","203,641","202,544","232,465","252,556","251,464","341,308","273,912","325,912","364,260","307,733","340,235","354,833","402,745","497,431","434,597","388,874","335,141","275,297","434,997","216,036","289,896",GrossProfit,"346,769","340,632","257,344","198,556","286,420","544,623"
6922 宸曜,-,-,-,-,-,-,-,-,-,-,-,-,-,-,-,-,"241,198",-,"294,766","111,547","97,299","126,052","120,605","151,993","157,053","151,070","167,183",-,-,-,-,-,-,-,-,-,-,-,-,-,-,-,-,-,-,-,-,-,GrossProfit,"178,796","169,622","201,518","140,088","206,345","248,520"
3594 磐儀,"98,693","127,854","118,054","117,337","127,308","122,839","127,228","82,104","120,142","109,780","112,350","79,455","114,039","83,233","135,054","89,803","121,879","140,477","186,838","145,600","141,864","113,488","146,155","81,947","96,899","108,073","207,825","98,247","132,873","124,202","125,118","118,848","151,442","126,525","163,751","107,760","163,858","111,325","180,693","153,540","149,679","129,672","211,955","116,862","170,129","86,298","72,971","136,219",GrossProfit,"147,397","218,044","180,504","262,626","177,356","253,046"
2397 友通,"272,666","429,200","371,196","415,904","536,080","495,080","547,108","596,404","480,139","523,286","509,270","493,997","679,713","685,453","661,834","704,579","777,118","893,405","892,925","835,128","779,164","712,242","108,479","525,455","587,954","696,444","864,861","148,689","181,337","197,053","181,802","202,270","222,254","209,530","226,898","232,947","249,175","250,181","243,183","360,370","318,458","310,547","273,532","292,147","309,386","321,976","348,197","392,198",GrossProfit,"738,951","758,328","671,865","660,384","754,408","932,982"
8234 新漢,"413,650","316,579","453,208","383,163","435,431","441,771","538,644","357,117","399,691","413,440","450,415","291,229","340,933","446,520","486,031","436,817","479,530","530,924","563,411","511,172","391,796","407,525","300,188","255,142","278,593","390,824","370,887","268,709","271,111","238,282","282,987","304,489","353,610","367,385","344,250","309,464","367,851","320,425","414,712","337,435","367,081","381,994","467,090","324,330","341,949","379,570","278,855","395,526",GrossProfit,"442,818","387,646","277,661","345,179","259,026","388,324"
2395 研華,"4,558,159","4,792,472","4,772,399","4,724,054","5,410,376","5,697,040","5,267,892","4,395,235","5,765,885","5,192,483","5,042,658","5,208,637","5,217,379","5,706,029","5,999,531","6,157,211","6,499,399","6,779,637","6,676,856","6,910,980","7,014,301","6,016,645","6,219,888","5,547,678","5,931,057","6,173,487","6,723,665","2,765,949","3,194,965","3,200,309","3,424,408","3,379,025","3,717,307","3,616,125","3,680,207","3,590,779","3,980,463","3,746,307","4,027,441","4,136,865","4,307,099","4,323,890","4,349,695","4,051,338","4,400,710","4,370,751","4,338,231","4,760,346",GrossProfit,"7,027,920","7,132,733","6,907,904","7,129,047","7,979,823","9,845,241"
6166 凌華,"967,325","928,216","1,082,703","1,057,934","1,054,201","977,335","1,199,325","975,940","856,428","919,242","1,063,036","869,975","803,255","802,213","1,079,719","857,143","1,093,776","1,126,151","1,174,936","1,077,873","1,073,150","1,002,956","1,025,030","786,572","932,409","950,181","1,125,802","550,824","747,890","689,663","642,652","730,071","937,129","842,496","836,413","976,335","955,357","915,494","899,328","937,987","1,006,281","968,949","1,253,268","916,829","1,022,497","1,056,819","811,200","904,748",GrossProfit,"923,364","1,020,928","1,131,620","1,143,031","1,293,055","1,437,586"
3088 艾訊,"323,626","440,423","445,695","374,147","449,332","434,530","435,439","356,723","406,183","382,370","405,458","355,094","375,879","510,458","459,601","491,727","482,430","587,975","668,466","515,577","668,941","624,884","593,671","540,602","599,332","700,018","699,575","301,192","321,630","338,551","331,735","387,277","408,873","366,023","365,256","399,601","387,759","448,298","471,057","464,753","403,300","448,252","429,141","381,345","316,644","338,387","372,456","407,576",GrossProfit,"561,945","573,886","587,844","674,112","721,611","804,716"
6579 研揚,"406,093","431,040","472,609","491,945","544,585","470,668","556,724","454,743","529,979","445,961","499,770","375,202","377,736","450,673","651,440","553,187","758,055","637,316","804,577","622,544","729,876","752,926","729,028","612,900","719,384","582,369","663,979",-,-,-,-,-,-,-,-,-,-,-,-,-,"897,853","467,712","514,240","405,858","473,320","401,721","372,740","511,842",GrossProfit,"667,529","716,735","745,848","753,263","839,483","965,131"
公司平均數,"916,948.9","860,280.75","891,035.7","872,329.75","979,764.7","988,107","994,639.75","833,352.56","974,561.1","908,926.75","922,004.75","875,103.44","907,334.1","997,774.7","1,097,307.9","1,079,625.9","1,093,769.2","1,256,629.8","1,186,541.8","1,121,984.1","1,130,718.5","1,015,524.3","962,127.7","877,770.8","970,823.6","1,017,212.7","1,118,756.2","619,607.3","721,764.3","717,217.9","748,751.1","767,634.9","875,989","828,856.56","848,955.3","854,449.44","916,028","876,037.9","941,606.7","970,527.9","993,397.75","933,201.6","985,974.4","852,981.25","913,741.5","923,814.9","851,335.75","974,793.9",GrossProfit,"1,107,858.8","1,135,618.2","1,100,418.9","1,136,765","1,256,462.8","1,547,375.1"
電腦及週邊設備業,"1,243,923.73","1,108,179.42","1,239,437.32","1,027,453.91","1,175,930.14","1,345,166.71","1,396,142.31","985,562.26","1,445,876.38","1,613,745.55","1,643,119.85","1,554,160.02","1,659,134.49","1,710,705.72","1,877,624.05","1,661,754.15","1,563,883.65","1,767,867.5","1,614,307.57","1,411,816.77","1,533,712.23","1,746,592.5","1,741,456.74","1,599,639.68","1,866,337.1","2,061,632.76","2,024,281.23","1,131,032.06","1,055,397.68","1,169,831.63","1,153,808.02","1,131,714.36","1,203,595.82","1,286,173.18","1,346,472.05","1,246,196.27","1,131,305.9","1,365,959.77","1,402,886.96","1,251,560.04","1,160,236.16","1,315,367.15","1,339,156.58","1,122,662.27","1,079,130.81","1,259,706.29","1,077,253.42","1,247,007.9",GrossProfit,"2,151,036.78","2,112,712.27","2,354,201.55","2,541,117.46","2,717,294.18","3,296,729.18"
6680 鑫創電子,-,"32,079","23,815","19,084","13,221","21,023","13,216","13,110","23,234","18,580","12,865","2,932","11,889","9,132","16,385","2,906","12,383","19,774","33,027","9,348","17,772","27,376","21,723",-3076,"20,303","28,445","14,916",-,-,-,-,-,-,-,-,-,-,-,-,-,-,-,-,-,-,-,-,-,OperatingIncome,441,-10327,-2047,"13,234",961,"3,715"
8050 廣積,"65,805","7,069","15,365","56,856","30,883","32,991","20,108","41,314",-16967,-39969,-24068,-18068,"19,443","49,825","105,068","180,250","209,422","318,378","285,069","199,299","68,823","114,274","72,892",-4176,"81,816","76,602",-44928,"67,166","58,303","96,995","87,732","91,506","137,478","88,295","115,319","162,405","88,783","146,210","131,406","195,578","268,455","202,813","125,264","137,683","73,584","158,101","28,233","81,407",OperatingIncome,"47,757","43,703",-6070,-98938,"12,654","181,726"
6922 宸曜,-,-,-,-,-,-,-,-,-,-,-,-,-,-,-,-,"112,828",-,"114,392","45,519","21,186","43,004","24,536","55,063","54,277","57,130","51,252",-,-,-,-,-,-,-,-,-,-,-,-,-,-,-,-,-,-,-,-,-,OperatingIncome,"77,244","61,560","89,202","33,401","92,226","114,981"
3594 磐儀,-25461,"4,872",249,"15,717","19,866","15,513","14,950",-13186,"29,023","13,333","6,874",-11018,"15,172","1,107","26,379",-2537,"25,974","30,189","76,318","43,262","43,190","16,318","49,000",-5229,"4,383","10,366","95,393","1,261","34,547","18,498","21,359","14,167","35,594","4,578","25,782",-13980,"24,542",-33304,"34,534","7,525",-300,-180,"71,970",-27901,"37,681",-90388,-28270,"17,725",OperatingIncome,-38145,"49,839","9,983","64,945",-34225,"36,601"
2397 友通,"97,206","240,431","166,078","205,924","251,793","206,630","122,404","202,575","128,439","169,785","153,254","122,418","195,005","160,682","48,225","139,639","163,410","222,417","202,445","199,107","123,861","76,928","144,890","74,256","119,949","183,882","279,764","43,665","72,036","84,971","57,513","80,330","94,785","88,614","94,236","98,509","111,319","102,076","85,297","206,515","166,566","157,889","121,848","144,260","155,177","164,168","175,375","199,763",OperatingIncome,"199,405","222,356","146,647",-48815,"168,760","286,110"
8234 新漢,"36,739",-19213,"62,222","44,335","58,138","78,172","123,623","23,516","55,987","53,375","75,775",-37314,"14,526","107,756","91,132","82,875","118,203","99,498","109,369","169,538","54,430","58,531",-60180,-90677,-90799,"7,362","28,982","52,582","48,594","18,440","46,194","65,186","101,099","107,338","30,365","38,119","72,406","39,192","111,682","57,837","61,337","74,696","130,862","24,006","26,317","47,662",-26090,"34,734",OperatingIncome,"84,178","47,341",-57648,-29355,-85931,"49,142"
2395 研華,"1,794,084","1,941,451","1,976,946","1,858,169","2,332,835","2,632,589","2,409,909","1,653,622","2,841,226","2,264,400","2,277,305","2,286,861","2,197,345","2,607,617","2,708,600","3,014,675","3,107,626","3,378,386","3,031,490","3,501,502","3,429,756","2,505,678","2,691,314","1,917,469","2,166,214","2,452,202","2,513,884","964,982","1,295,174","1,248,106","1,159,888","1,365,375","1,511,668","1,335,888","1,295,554","1,351,158","1,632,235","1,324,084","1,621,030","1,482,496","1,677,758","1,734,477","1,736,762","1,503,299","1,753,133","1,727,961","1,642,593","1,906,409",OperatingIncome,"2,924,256","3,123,073","2,708,457","2,811,188","3,728,486","5,127,289"
6166 凌華,"94,430","70,404","133,288","166,888","160,800","130,679","308,823","159,306","66,249","85,883","163,408","44,298",-16425,-39483,"150,108","1,470","163,507","257,303","176,736","141,176","87,061","59,027","35,784",-121735,-4371,"41,987","145,802","55,921","194,758","153,401","110,901","126,143","273,658","187,348","103,989","269,017","220,983","152,661","142,742","55,804","119,323","117,410","303,354","109,152","113,033","158,371","4,611","81,574",OperatingIncome,"29,729","158,717","265,951","203,366","417,400","482,194"
3088 艾訊,"58,886","156,792","151,063","95,518","144,710","134,720","123,887","64,493","129,249","102,486","107,723","68,456","72,585","183,157","92,808","156,733","98,974","210,072","262,941","167,916","286,618","252,456","237,148","165,027","207,099","315,154","216,825","78,102","88,705","107,117","72,807","137,030","137,614","120,014","84,032","129,928","114,567","146,680","148,633","149,244","94,464","139,751","107,335","73,667","51,437","109,412","122,726","125,835",OperatingIncome,"142,900","158,460","183,448","217,526","273,182","293,656"
6579 研揚,"80,381","114,236","131,063","163,715","197,541","153,760","204,943","119,008","204,381","137,122","160,081","51,454","66,523","137,356","293,308","200,507","378,666","266,430","348,487","236,707","262,062","258,891","248,763","90,577","195,649","80,158","181,464",-,-,-,-,-,-,-,-,-,-,-,-,-,"323,712","177,785","191,918","103,233","175,541","99,158","49,797","168,977",OperatingIncome,"129,680","180,087","173,345","149,653","209,639","323,450"
公司平均數,"275,258.75","283,124.56","295,565.44","291,800.66","356,643","378,453","371,318.12","251,528.67","384,535.66","311,666.12","325,913","278,891","286,229.22","357,461","392,445.88","419,613.12","439,099.3","533,605.25","464,027.4","471,337.4","439,475.9","341,248.3","346,587","207,749.9","275,452","325,328.8","348,335.4","180,525.58","256,016.72","246,789.72","222,342","268,533.84","327,413.72","276,010.72","249,896.72","290,736.56","323,547.84","268,228.44","325,046.28","307,857","338,914.38","325,580.12","348,664.12","258,424.88","298,237.88","296,805.62","246,121.88","327,053",OperatingIncome,"359,744.5","403,480.9","351,126.8","331,620.5","478,315.2","689,886.4"
電腦及週邊設備業,"350,837.37","284,478.17","412,607.76","221,046.37","317,340.4","463,023.72","470,852.74","182,192.44","570,510.89","664,069.14","627,257.52","583,006.57","663,079.55","689,933.22","758,789.88","612,769.71","549,244.03","631,904.84","521,563.56","404,424.1","515,973.11","655,384.17","621,695.63","551,416.29","732,267.47","877,929.31","686,832.27","320,546.27","276,581.2","329,537.52","264,840.97","318,833.49","380,691.35","387,062.32","436,554.44","393,350.64","317,117.74","446,564.03","490,337.67","401,893.57","343,607.66","463,496.91","457,967.6","339,849.49","288,203.56","362,031.9","268,158.09","365,418.36",OperatingIncome,"986,476.45","849,988.94","1,037,510.19","1,139,321.83","1,378,588.94","1,796,638.6"
6680 鑫創電子,-,"31,705","21,388","15,900","13,297","17,116","5,118","13,128","14,576","10,221","2,032","5,735","6,429","8,186","12,626","8,793","16,054","26,851","19,339","7,098","21,592","30,097","9,875","7,193","20,741","20,511","48,027",-,-,-,-,-,-,-,-,-,-,-,-,-,-,-,-,-,-,-,-,-,NetProfit,893,-28204,"2,928","17,590","1,899",61
8050 廣積,"50,863","33,633","25,576","111,131","64,440","11,174","72,415","15,911","45,101",-1049,423,157,"1,752","6,551","212,299","171,313","248,549","436,071","283,638","233,714","199,396","270,291",-40715,"183,963","155,776","79,412","89,815","61,083","45,062","77,892","73,536","89,937","116,968","89,037","122,887","146,317","61,116","167,208","124,865","166,301","210,257","168,556","115,361","75,183","66,689","184,062","39,028","243,763",NetProfit,"141,082",-176570,"100,330",-36033,"114,481","197,539"
6922 宸曜,-,-,-,-,-,-,-,-,-,-,-,-,-,-,-,-,"91,841",-,"86,411","31,778","22,537","41,020","9,526","57,510","50,503","40,771","44,962",-,-,-,-,-,-,-,-,-,-,-,-,-,-,-,-,-,-,-,-,-,NetProfit,"65,346","14,179","76,942","30,421","70,481","82,316"
3594 磐儀,-63724,"25,652","14,848","14,314","23,848","7,954",-4641,-29249,"16,232","20,738",715,-9118,"10,003",-326,"20,933","13,345","19,216","58,227","37,754","35,809","54,288","34,446",-205,"17,230","38,503","10,601","85,748","5,694","33,582","11,083","19,326","11,078","21,909","12,053","44,168",-21197,"14,050",438,"46,134","1,635","2,803",-25744,"51,450",-77379,"49,480","232,408",-38377,"21,529",NetProfit,-31872,-14506,"37,095","67,309",-23970,"47,368"
2397 友通,"77,659","186,583","129,957","161,578","199,846","164,887","98,949","153,106","94,026","128,576","107,333","97,186","132,753","115,072","436,895","110,119","147,304","200,020","135,468","126,151","99,375","35,625","89,293","54,831","81,185","119,630","237,389","57,040","70,428","66,942","58,937","76,008","74,237","85,506","101,540","72,897","90,497","120,183","75,410","148,701","136,327","118,128","123,492","78,300","125,934","136,439","130,976","157,821",NetProfit,"138,713","139,785","106,307",-55713,"120,365","206,388"
8234 新漢,"46,583","41,568","70,894","39,105","62,341","43,350","68,177","12,565","44,852","42,819","85,308",-35756,"23,754","94,342","97,081","96,806","111,712","667,692","54,265","140,430","23,717","91,507",-65223,-21070,"3,310","8,008","57,607","61,263","52,400","10,781","52,087","70,170","95,045","264,278","57,757","2,122","42,521","71,903","77,878","41,656","56,380","34,733","90,339",-43142,"87,260","49,986","16,316","30,043",NetProfit,"81,041",-28012,-12977,"4,564",-64928,"45,800"
2395 研華,"1,623,474","1,594,639","1,640,948","1,622,869","1,909,601","2,157,044","1,703,341","1,280,407","2,338,224","1,955,214","1,729,142","1,928,897","1,815,308","2,286,911","2,276,247","2,568,035","2,463,791","3,176,293","2,534,440","2,954,676","3,005,793","2,557,298","2,271,566","1,968,758","2,109,362","2,249,790","2,560,308","866,968","1,126,041","1,108,334","1,025,866","1,156,255","1,208,583","1,327,142","1,240,030","1,206,212","1,332,693","1,235,918","1,352,152","1,316,461","1,469,206","1,473,549","1,429,738","1,205,513","1,722,572","1,597,730","1,367,938","1,713,223",NetProfit,"2,691,319","1,969,809","2,745,735","3,093,653","3,318,280","4,503,210"
6166 凌華,"79,181","46,847","118,278","111,467","111,429","97,476","123,375","86,247","26,778","56,047","72,576","2,169","66,807",-51491,"101,399","50,687","438,414","231,511","84,784","73,557","52,634","96,853","70,837",-89704,-101008,"30,176","174,051","45,297","171,696","119,272","79,579","108,677","200,561","151,951","128,920","190,258","164,643","157,257","96,446","57,038","92,636","49,394","232,081","23,814","121,592","165,628","21,754","57,730",NetProfit,"60,416",-19411,"280,064","178,362","339,515","327,492"
3088 艾訊,"43,477","110,078","116,012","116,505","170,406","101,283","72,261","67,384","110,414","60,878","67,922","119,505","45,883","135,785","89,742","133,652","80,321","192,973","195,691","123,820","221,145","227,089","155,570","147,904","162,500","227,681","232,317","70,450","75,381","79,584","56,473","108,855","97,738","103,566","75,537","92,462","79,210","155,247","113,587","110,602","80,188","95,002","89,016","30,257","763,800","91,380","82,961","97,873",NetProfit,"132,165",-28725,"196,190","208,978","252,613","227,435"
6579 研揚,"164,499","347,821","79,825","257,012","107,446","96,377","207,410",-34870,"259,490","89,953","149,598","43,384","29,597","101,526","339,246","149,924","308,703","383,945","335,264","337,537","365,400","345,337","118,976","476,806","282,363","38,638","341,613",-,-,-,-,-,-,-,-,-,-,-,-,-,"268,354","152,505","161,505","91,011","225,801","137,834","277,375","123,605",NetProfit,"273,411","2,134","229,137","309,734","520,720","375,357"
公司平均數,"252,751.5","268,725.12","246,414","272,209","295,850.44","299,629","260,711.67","173,847.67","327,743.66","262,599.66","246,116.56","239,128.78","236,920.67","299,617.34","398,496.44","366,963.78","392,590.5","597,064.75","376,705.4","406,457","406,587.7","372,956.3","261,950","280,342.1","280,323.5","282,521.8","387,183.7","166,827.86","224,941.42","210,555.42","195,114.86","231,568.58","259,291.58","290,504.72","252,977","241,295.86","254,961.42","272,593.44","269,496","263,199.16","289,518.88","258,265.38","286,622.75","172,944.62","395,391","324,433.38","237,246.38","305,698.38",NetProfit,"355,251.4","183,047.9","376,175.1","381,886.5","464,945.6","601,296.6"
電腦及週邊設備業,"314,665.54","288,115.38","262,239.01","220,643.31","289,930.72","419,830.97","386,040.17","187,569.35","506,367.04","618,117.67","572,974.1","557,333.26","717,187.44","719,722.35","746,059.77","534,130.03","493,192.19","811,461","471,264.72","345,456.46","513,008.06","692,660.54","507,857.09","570,244.94","733,530.29","772,927.93","663,208.7","337,142.5","294,671.26","140,748.56","299,247.61","258,256.64","313,669.44","408,713.08","398,556.14","334,216.71","271,405.34","419,474.07","362,153.9","297,557.24","280,328.78","377,426.49","351,239.67","244,208.84","269,318.2","332,752.29","248,296.17","359,277.03",NetProfit,"876,634.03","713,043.02","904,883.76","993,259.3","1,132,153.39","1,548,541.31"
6680 鑫創電子,-,2.34,1.21,1.06,0.85,1.06,0.24,0.75,0.79,0.56,0.11,0.31,0.35,0.44,0.68,0.48,0.85,1.42,1.02,0.37,1.04,1.44,0.47,0.34,0.99,0.89,2.06,-,-,-,-,-,-,-,-,-,-,-,-,-,-,-,-,-,-,-,-,-,EPS,0.04,-1.19,0.12,0.74,0.08,0
8050 廣積,0.21,0.22,0.13,0.92,0.49,0.11,0.6,0.06,0.44,0.11,0.13,0.31,0.33,0.51,1.54,1.53,2.22,3.4,2.19,1.87,1.69,1.91,-0.25,1.37,1.17,0.62,0.9,0.74,0.55,0.87,0.79,0.92,1.23,0.88,1.15,1.45,0.59,1.4,1.13,1.53,1.81,1.33,0.77,0.64,0.54,1.22,0.31,1.9,EPS,1.12,-0.64,0.86,0.11,1.07,1.62
6922 宸曜,-,-,-,-,-,-,-,-,-,-,-,-,-,-,-,-,4.3,-,3.85,1.4,0.99,1.78,0.33,2.25,1.97,1.59,1.76,-,-,-,-,-,-,-,-,-,-,-,-,-,-,-,-,-,-,-,-,-,EPS,2.55,0.55,2.84,1.11,2.6,3.03
3594 磐儀,-1.08,0.44,0.22,0.25,0.39,0.14,-0.06,-0.46,0.27,0.33,0.02,-0.12,0.13,0,0.29,0.18,0.24,0.64,0.42,0.38,0.55,0.37,0,0.19,0.41,0.12,0.64,0.14,0.77,0.26,0.42,0.3,0.53,0.35,0.89,-0.3,0.27,0.15,0.66,0.01,0.1,-0.46,0.58,-1.15,0.68,4.06,-0.62,0.37,EPS,-0.21,-0.2,0.37,0.54,-0.07,0.44
2397 友通,0.68,1.63,1.14,1.4,1.72,1.35,1.03,1.27,0.67,0.93,0.68,0.58,0.55,0.62,3.63,0.73,1.01,1.69,1.18,1.1,0.85,0.47,0.74,0.45,0.64,0.8,1.57,0.5,0.61,0.58,0.52,0.66,0.65,0.75,0.9,0.64,0.79,1.05,0.65,1.3,1.19,1.03,1.07,0.68,1.1,1.19,1.14,1.38,EPS,0.93,0.89,0.66,0.01,0.76,1.29
8234 新漢,0.33,0.31,0.54,0.34,0.5,0.31,0.46,0.12,0.24,0.28,0.42,-0.24,0.09,0.56,0.6,0.66,0.7,4.61,0.42,0.92,0.09,0.6,-0.34,-0.14,0.08,0.18,0.49,0.55,0.47,0.08,0.41,0.55,0.74,1.93,0.42,0.02,0.31,0.51,0.56,0.31,0.41,0.25,0.64,-0.31,0.62,0.35,0.13,0.22,EPS,0.57,-0.16,-0.08,0.07,-0.44,0.28
2395 研華,2.35,2.27,2.34,2.31,2.71,3.06,2.43,1.85,3.29,2.52,2.21,2.48,2.31,2.95,2.93,3.32,3.17,4.1,3.26,3.8,3.51,3.01,2.67,2.32,2.46,2.61,3.06,1.52,1.98,1.95,1.81,2.02,2.1,2.1,1.95,1.91,2.1,1.94,2.12,2.08,2.32,2.32,2.24,1.9,2.47,2.28,1.95,2.45,EPS,3.17,2.3,3.2,3.58,3.85,5.2
6166 凌華,0.36,0.22,0.53,0.51,0.52,0.45,0.57,0.4,0.13,0.26,0.33,0.01,0.31,-0.24,0.47,0.23,2.02,1.06,0.4,0.38,0.3,0.49,0.34,-0.35,-0.41,0.18,0.82,0.27,1,0.69,0.46,0.63,1.09,0.83,0.7,1.03,0.82,0.78,0.48,0.26,0.43,0.23,1.08,0.11,0.56,0.76,0.1,0.27,EPS,0.31,-0.08,1.29,0.83,1.57,1.55
3088 艾訊,0.54,1.39,1.46,1.46,2.14,1.27,0.89,0.82,1.34,0.74,0.82,1.43,0.55,1.58,1,1.48,0.89,2.13,2.15,1.35,2.4,2.24,1.53,1.45,1.63,2.2,2.25,0.88,0.93,0.99,0.68,1.35,1.21,1.27,0.92,1.13,0.97,1.9,1.38,1.35,0.97,1.15,1.09,0.35,9.66,1.16,1.05,1.23,EPS,1.24,-0.29,1.81,1.92,2.25,2.03
6579 研揚,1.38,2.95,0.68,2.16,0.56,0.74,1.72,-0.33,2.17,0.66,1.07,0.34,0.19,0.88,2.82,1.21,2.73,3.33,2.76,2.87,2.77,2.35,0.45,3.61,1.97,0.05,2.35,-,-,-,-,-,-,-,-,-,-,-,-,-,2.52,1.46,1.34,0.85,2.14,1.24,2.56,0.68,EPS,2.07,-0.17,1.54,2.18,3.81,2.34
公司平均數,0.596,1.308,0.917,1.157,1.098,0.943,0.876,0.498,1.038,0.71,0.643,0.567,0.534,0.811,1.551,1.091,1.813,2.487,1.765,1.444,1.419,1.466,0.594,1.149,1.091,0.924,1.59,0.657,0.901,0.774,0.727,0.919,1.079,1.159,0.99,0.84,0.836,1.104,0.997,0.977,1.219,0.914,1.101,0.384,2.221,1.532,0.828,1.063,EPS,1.179,0.101,1.261,1.109,1.548,1.778
電腦及週邊設備業,0.77,0.8,0.66,0.53,0.69,0.97,0.84,0.46,1.16,1.31,1.2,1.09,1.43,1.33,1.61,1.2,1.31,1.78,1.19,0.87,1.19,1.48,0.98,1.25,1.47,1.46,1.49,0.66,0.68,0.57,0.67,0.67,0.64,0.91,0.84,0.61,0.51,0.88,0.8,0.58,0.72,0.73,1,0.38,0.71,0.93,0.58,0.85,EPS,1.78,1.37,1.96,2.11,3.05,3.87
6680 鑫創電子,"130,000","149,600","149,600","149,600","157,080","175,000","175,000","175,000","185,500","185,500","185,500","185,500","185,500","185,500","185,500","185,500","191,020","191,020","191,020","191,020","212,454","210,806","211,230","211,085","232,302","232,302","233,724",-,-,-,-,-,-,-,-,-,-,-,-,-,-,-,-,-,-,-,-,-,CommonStock,"237,942","238,442","238,712","239,072","239,542","239,542"
8050 廣積,"1,234,726","1,234,843","1,764,185","1,764,185","1,764,635","1,765,164","1,770,998","1,770,998","1,770,998","1,770,998","1,770,998","1,770,998","1,770,998","1,770,998","1,770,998","1,770,998","1,770,998","1,933,032","1,949,967","1,949,980","1,949,980","2,067,621","2,068,218","2,060,568","2,060,568","2,060,724","2,061,770","845,367","888,682","891,222","911,367","947,508","999,164","999,720","1,001,930","1,085,430","1,138,488","1,138,488","1,138,488","1,138,584","1,180,848","1,202,126","1,203,809","1,205,386","1,237,029","1,234,656","1,234,843","1,764,185",CommonStock,"2,051,780","2,051,780","2,051,780","2,052,049","2,052,049","2,052,049"
6922 宸曜,-,-,-,-,-,-,-,-,-,-,-,-,-,-,"202,735",-,"212,956",-,"226,356","226,356","228,541","230,541","255,591","256,171","256,171","256,171","256,171",-,-,-,-,-,-,-,-,-,-,-,-,-,-,-,-,-,-,-,-,-,CommonStock,"257,431","270,724","271,324","271,554","271,554","271,554"
3594 磐儀,"627,806","646,045","629,986","629,986","642,275","642,275","642,275","642,275","658,582","678,739","711,534","717,097","732,305","744,218","744,218","906,402","906,589","954,393","954,394","954,394","954,394","954,394","954,394","956,974","956,974","956,974","956,974","403,940","457,800","457,800","457,800","457,800","480,673","480,673","500,673","501,445","561,445","561,445","561,445","561,445","577,806","577,806","577,806","577,806","577,806","627,806","627,806","635,475",CommonStock,"958,414","959,484","959,484","959,484","959,484","959,484"
2397 友通,"1,146,889","1,146,889","1,146,889","1,146,889","1,146,889","1,146,889","1,146,889","1,146,889","1,146,889","1,146,889","1,146,889","1,146,889","1,146,889","1,146,889","1,144,889","1,144,889","1,144,889","1,144,889","1,144,889","1,144,889","1,144,889","1,144,889","1,144,889","1,144,889","1,144,889","1,144,889","1,144,889","1,148,399","1,148,399","1,148,399","1,148,399","1,148,399","1,148,399","1,148,399","1,148,399","1,148,399","1,148,399","1,148,399","1,148,399","1,148,399","1,148,399","1,148,399","1,148,399","1,148,399","1,148,399","1,146,889","1,146,889","1,146,889",CommonStock,"1,144,889","1,144,889","1,144,889","1,144,889","1,144,889","1,144,889"
8234 新漢,"1,412,265","1,412,265","1,412,265","1,412,265","1,412,265","1,412,265","1,412,265","1,412,265","1,412,265","1,412,265","1,412,265","1,412,265","1,412,265","1,412,265","1,412,265","1,412,265","1,412,265","1,412,265","1,412,265","1,412,265","1,412,265","1,412,265","1,412,265","1,412,265","1,412,265","1,412,265","1,412,265","1,112,533","1,280,079","1,280,329","1,283,259","1,287,169","1,375,194","1,380,455","1,390,745","1,406,213","1,398,762","1,406,139","1,402,625","1,403,285","1,404,505","1,407,715","1,408,465","1,409,195","1,410,085","1,412,265","1,412,265","1,412,265",CommonStock,"1,412,265","1,412,265","1,412,265","1,412,265","1,412,265","1,412,265"
2395 研華,"6,972,825","6,975,445","6,986,955","6,990,755","6,991,405","6,999,230","7,004,100","7,008,700","7,713,500","7,719,455","7,722,545","7,726,405","7,727,295","7,738,228","7,744,638","7,758,374","7,763,662","7,778,434","7,779,769","7,784,871","8,567,316","8,577,794","8,584,494","8,604,477","8,631,680","8,634,322","8,635,894","5,652,059","5,656,272","5,669,249","5,694,000","5,714,511","6,287,021","6,301,031","6,312,091","6,315,186","6,316,906","6,318,531","6,318,531","6,318,531","6,318,531","6,326,091","6,330,841","6,332,541","6,966,115","6,970,325","6,974,575","6,982,275",CommonStock,"8,641,671","8,643,744","8,651,897","8,658,303","8,682,545","8,690,460"
6166 凌華,"2,175,232","2,175,232","2,175,232","2,175,205","2,175,205","2,175,205","2,174,973","2,174,973","2,174,973","2,174,973","2,174,973","2,174,973","2,174,973","2,174,973","2,174,973","2,174,973","2,174,973","2,174,973","2,174,973","2,174,973","2,174,973","2,174,973","2,174,973","2,174,973","2,174,973","2,174,973","2,174,973","1,707,094","1,707,094","1,707,809","1,709,224","1,709,874","1,830,560","1,832,905","1,834,335","1,835,425","2,003,669","2,004,829","2,017,589","2,170,749","2,172,804","2,175,579","2,175,619","2,175,679","2,175,059","2,174,827","2,175,232","2,175,232",CommonStock,"2,174,973","2,174,973","2,175,953","2,177,243","2,177,713","2,177,793"
3088 艾訊,"794,509","794,180","797,245","796,836","797,124","807,160","864,911","825,112","841,356","829,105","849,850","855,267","861,140","966,153","959,923","904,653","907,281","907,184","923,314","919,605","1,016,028","1,014,234","1,018,744","1,020,205","1,021,225","1,025,437","1,031,454","773,430","773,430","775,419","776,540","781,169","780,930","780,930","783,603","793,129","788,070","792,684","790,310","790,310","790,310","790,310","790,310","790,310","790,310","795,247","794,634","798,776",CommonStock,"1,116,963","1,118,607","1,083,685","1,084,972","1,086,490","1,309,676"
6579 研揚,"1,068,000","1,068,000","1,484,985","1,484,985","1,484,985","1,484,985","1,484,985","1,484,985","1,484,985","1,484,985","1,484,985","1,484,985","1,484,985","1,484,985","1,486,185","1,486,555","1,487,375","1,490,825","1,492,255","1,495,665","1,601,788","1,602,418","1,604,078","1,608,908","1,689,872","1,693,692","1,694,512",-,-,-,-,-,-,-,-,-,-,-,"960,000",-,"960,000","960,000","960,000","960,000","960,000","1,068,000","1,068,000","1,484,985",CommonStock,"1,694,512","1,694,512","1,694,512","1,694,512","1,694,512","1,694,512"
公司平均數,"1,729,139.1","1,733,611","1,838,593.5","1,838,967.4","1,841,318.1","1,845,352.5","1,852,932.9","1,849,021.9","1,932,116.5","1,933,656.5","1,939,948.9","1,941,597.8","1,944,038.9","1,958,245.4","1,782,632.4","1,971,623.1","1,797,200.8","1,998,557.4","1,824,920.2","1,825,401.8","1,926,262.8","1,938,993.4","1,942,887.6","1,945,051.6","1,958,092","1,959,174.8","1,960,262.6","1,663,260.2","1,701,679.4","1,704,318.1","1,711,512.8","1,720,918.6","1,843,134.4","1,846,301.9","1,853,110.9","1,869,318.1","1,907,962.8","1,910,073.6","1,792,173.4","1,933,043.2","1,819,150.4","1,823,503.2","1,824,406.1","1,824,914.5","1,908,100.4","1,928,751.9","1,929,280.5","2,050,010.2",CommonStock,"1,969,084","1,970,942","1,968,450","1,969,434.4","1,972,104.2","1,995,222.4"
電腦及週邊設備業,"3,934,939.5","3,976,431.18","3,941,105.81","3,977,800.3","3,958,110.85","3,977,856.43","3,942,942.05","3,979,206.93","3,968,080.09","3,996,901.44","3,861,810.47","4,008,843.95","3,938,987.96","3,960,697.1","3,792,956.39","3,967,107.17","3,839,767.5","3,975,763.77","3,817,951.65","3,925,481.5","3,841,174.2","3,877,148.71","3,817,855.5","3,879,949.06","3,826,512.65","3,885,607.79","3,824,647.73","4,361,445.65","4,130,342.26","4,346,628.69","4,141,427.8","4,307,601.59","4,145,348.15","4,315,217.41","4,130,076.75","4,380,259.97","4,158,497.69","4,404,590.57","4,035,231.39","4,393,125.74","4,078,342.84","4,258,726.59","4,002,249.64","4,228,007.14","4,060,789.89","4,114,736.03","4,084,539.64","4,065,088.66",CommonStock,"3,857,802.04","3,863,729.41","3,840,258.82","3,843,144.21","3,832,447.31","3,885,718.45"
6680 鑫創電子,"203,884","238,389","259,777","275,677","251,574","386,057","391,175","360,144","365,937","376,158","378,342","347,736","354,587","363,397","376,613","363,628","379,930","407,269","427,037","396,546","420,909","455,828","466,082","447,106","480,242","534,552","591,411",-,-,-,-,-,-,-,-,-,-,-,-,-,-,-,-,-,-,-,-,-,Equity,"548,374","520,567","524,967","544,295","548,238","548,242"
8050 廣積,"2,910,891","2,656,652","5,109,048","5,203,293","4,918,432","4,918,281","4,986,919","4,486,760","4,708,200","4,967,005","5,053,428","4,807,102","4,707,390","4,698,551","4,835,604","4,709,995","4,934,223","6,091,675","6,646,404","7,038,528","6,560,561","7,623,839","7,608,827","8,035,923","7,450,428","7,465,224","7,662,975","2,013,556","1,905,555","2,001,795","2,152,628","2,396,904","2,049,587","2,039,767","2,167,470","2,648,725","2,470,849","2,456,623","2,564,574","2,712,284","2,521,168","2,750,972","2,941,819","3,015,409","2,553,868","2,868,180","2,926,683","5,086,858",Equity,"7,206,275","6,919,419","7,304,824","7,214,505","6,907,188","7,487,693"
6922 宸曜,-,-,-,-,-,-,-,-,-,-,-,-,-,-,"406,985",-,"423,497",-,"634,328","536,100","559,618","613,589","854,376","825,890","878,315","919,059","967,023",-,-,-,-,-,-,-,-,-,-,-,-,-,-,-,-,-,-,-,-,-,Equity,"918,757","912,663","1,003,026","1,047,197","995,860","1,082,411"
3594 磐儀,"1,325,820","1,301,653","1,303,070","1,327,084","1,340,093","1,335,103","1,322,110","1,313,358","1,311,911","1,391,296","1,475,251","1,477,260","1,531,083","1,522,230","1,537,781","1,869,782","1,876,448","2,049,738","2,085,532","2,138,304","2,109,578","2,159,445","2,139,313","2,125,914","2,171,355","2,193,976","2,273,066","602,930","699,043","708,857","732,418","746,397","745,867","768,313","938,321","922,819","1,090,549","1,099,241","1,120,679","1,114,337","1,101,329","1,065,795","1,086,555","1,004,877","1,026,078","1,391,827","1,284,543","1,301,843",Equity,"2,205,784","2,067,479","2,143,311","2,244,590","2,224,695","2,281,762"
2397 友通,"3,097,804","2,947,481","3,216,789","3,389,639","2,997,818","3,150,178","3,195,330","3,335,650","2,822,740","2,917,640","2,975,103","3,011,000","2,711,082","2,641,477","3,057,279","2,764,830","2,876,938","3,128,359","3,247,431","2,936,513","3,037,637","3,104,489","3,162,036","2,889,185","2,963,282","3,173,303","3,511,742","2,832,596","2,726,924","2,791,353","2,842,420","2,925,982","2,788,161","2,859,144","2,903,565","3,027,816","2,815,380","2,964,977","3,025,901","3,188,485","3,014,680","3,120,515","3,210,930","3,270,485","2,884,503","3,021,387","3,234,918","3,095,700",Equity,"3,265,566","3,255,021","3,373,857","3,402,911","3,228,548","3,371,970"
8234 新漢,"2,358,697","2,347,260","2,448,014","2,506,529","2,486,571","2,533,119","2,582,245","2,593,487","2,515,139","2,554,401","2,616,965","2,572,365","2,577,044","2,537,372","2,630,637","2,739,385","2,700,026","3,367,144","3,441,164","3,557,381","3,167,004","3,303,279","3,204,382","3,217,055","3,071,057","3,077,162","3,171,287","1,870,624","1,869,166","1,881,326","1,941,058","2,021,680","2,061,330","2,337,966","2,422,678","2,439,132","2,201,025","2,291,794","2,373,292","2,416,616","2,305,467","2,342,583","2,431,780","2,380,887","2,260,297","2,315,386","2,411,330","2,369,093",Equity,"3,266,074","3,088,275","3,083,175","3,091,967","3,042,560","3,025,533"
2395 研華,"27,581,074","26,284,945","29,302,703","31,274,496","28,540,052","30,488,451","32,235,638","28,157,620","30,379,151","32,423,607","34,410,156","31,375,149","33,034,416","35,231,461","37,852,527","35,232,689","37,312,794","41,166,017","43,814,702","39,260,301","42,705,942","46,147,397","48,461,152","42,882,337","45,867,933","48,501,296","51,428,352","18,917,065","16,877,863","17,843,377","19,258,299","20,828,080","19,168,411","20,420,162","22,351,064","23,275,076","20,785,320","22,163,176","23,307,501","24,782,087","22,299,739","23,790,897","25,213,582","26,249,001","24,355,942","25,990,556","29,234,333","27,874,307",Equity,"47,301,687","47,749,740","51,351,792","54,947,481","49,613,432","55,335,278"
6166 凌華,"4,616,183","4,396,002","4,558,002","4,693,247","4,518,593","4,593,818","4,676,253","4,762,187","4,410,668","4,463,229","4,516,046","4,519,893","4,558,257","4,298,160","4,420,441","4,532,263","4,931,435","5,226,842","5,578,649","5,110,069","5,160,096","5,388,930","5,394,136","5,191,471","5,126,150","5,122,049","5,377,177","2,977,220","2,998,106","3,107,552","3,196,057","3,336,573","3,247,503","3,414,334","3,611,274","3,751,789","3,561,592","3,806,060","3,898,477","4,900,882","4,446,218","4,436,528","4,677,193","4,597,696","4,368,115","4,551,732","4,646,793","4,431,150",Equity,"5,248,628","4,954,729","5,322,713","5,604,728","5,784,238","6,168,498"
3088 艾訊,"2,370,197","2,139,524","2,362,989","2,481,759","2,362,913","2,464,699","2,597,399","2,684,833","2,475,417","2,542,198","2,633,778","2,562,737","2,604,138","2,868,400","3,078,273","2,971,333","3,072,905","3,321,119","3,553,852","3,476,351","3,722,353","4,078,616","4,203,534","3,971,098","4,153,464","4,380,446","4,644,311","1,306,304","1,231,126","1,306,626","1,365,057","1,488,892","1,365,438","1,467,789","1,561,527","1,644,263","1,403,130","1,593,151","1,693,067","1,796,696","1,536,012","1,615,596","1,744,866","1,744,744","2,231,576","2,332,626","2,452,711","2,245,131",Equity,"4,784,835","4,633,543","4,896,208","5,171,009","5,130,789","5,550,699"
6579 研揚,"4,188,623","4,275,824","7,889,985","8,112,645","7,566,250","7,630,845","7,800,514","7,741,738","7,548,804","7,699,435","7,841,121","7,886,222","7,455,027","7,546,463","7,868,758","8,044,817","7,877,117","8,286,940","8,642,423","9,015,201","9,574,891","9,966,675","10,010,600","10,546,755","9,768,745","9,775,514","10,099,389",-,-,-,-,-,-,-,-,-,-,-,"2,510,308",-,"2,483,225","2,605,737","3,020,278","3,071,925","2,824,659","4,046,047","4,462,398","7,838,898",Equity,"10,379,607","9,375,284","9,670,184","9,955,187","10,445,657","10,180,080"
公司平均數,"5,405,908","5,176,414.5","6,272,263.5","6,584,930","6,109,144","6,388,950","6,643,065","6,159,530.5","6,281,996.5","6,592,774.5","6,877,798","6,506,607","6,614,780","6,856,390","6,606,489.5","7,025,413.5","6,638,531","8,116,122.5","7,807,153","7,346,529.5","7,701,859","8,284,208","8,550,444","8,013,273","8,193,097","8,514,258","8,972,674","4,360,042","4,043,969.2","4,234,412.5","4,498,276.5","4,820,644","4,489,471","4,758,211","5,136,557","5,387,088.5","4,903,978.5","5,196,432","5,061,725","5,844,483.5","4,963,479.5","5,216,077.5","5,540,875","5,666,877.5","5,313,130","5,814,718","6,331,714","6,780,373",Equity,"8,512,559","8,347,672","8,867,406","9,322,386","8,792,121","9,503,217"
電腦及週邊設備業,"12,332,645.55","12,203,512.16","12,609,952.03","13,206,614.31","12,447,069.51","12,847,197.15","13,027,284.1","12,721,782.8","12,556,965.98","13,295,903.15","13,260,117.71","13,915,641.99","13,449,835.63","14,004,841.08","14,280,608.5","15,062,664.21","14,064,769.27","15,672,029.08","15,205,326.03","15,178,410.2","15,101,509.19","16,226,655.01","16,120,456.3","16,511,263.54","16,728,713.23","17,937,808.47","18,534,735.93","12,101,964.84","11,044,256.18","11,733,133.67","11,458,923.95","12,755,802.09","11,613,225.64","12,664,716.76","12,916,436.43","13,970,872.18","12,342,235.26","13,745,976.44","12,774,215.06","14,139,477.62","12,324,711.65","13,201,664.2","12,691,824.35","13,331,723.29","12,120,462.78","12,658,576.94","13,103,633.54","12,814,813.37",Equity,"18,432,934.41","17,008,544.08","18,422,973.24","19,820,659.82","19,856,108.81","21,182,123.97"
6680 鑫創電子,15.93,17.53,17.36,18.43,16.82,22.06,22.35,20.59,21.09,20.44,20.56,18.9,19.27,19.75,20.47,19.76,20.65,21.49,22.53,20.92,22.16,21.76,22.24,21.32,22.72,23.01,25.3,-,-,-,-,-,-,-,-,-,-,-,-,-,-,-,-,-,-,-,-,-,NAV,23.05,21.83,21.99,22.77,22.89,22.89
8050 廣積,24.61,22.56,29.3,30.04,28.39,28.38,28.68,26.11,27.39,28.9,29.4,27.97,27.87,28.02,29.15,28.19,29.54,33.24,35.94,38.06,35.37,38.65,38.57,40.57,37.62,37.69,38.67,25.17,23.22,23.15,24.32,26.02,22.38,21.51,22.8,25.61,23.53,22.94,24.12,25.51,23.67,24.41,25.88,26.49,22.66,24.25,24.74,29.45,NAV,36.18,34.74,36.67,36.22,34.67,37.03
6922 宸曜,-,-,-,-,-,-,-,-,-,-,-,-,-,-,20.07,-,20.88,-,28.02,23.68,24.49,26.62,33.43,32.24,34.29,35.88,37.75,-,-,-,-,-,-,-,-,-,-,-,-,-,-,-,-,-,-,-,-,-,NAV,35.69,35.39,36.97,38.56,36.67,39.86
3594 磐儀,21.81,21.41,21.21,21.6,21.81,21.3,21.09,20.95,21,21.45,21.14,21,21.1,20.91,21.06,20.99,21.06,21.83,22.21,22.62,22.32,22.85,22.64,22.37,22.91,23.15,23.89,14.94,15.28,15.5,16.01,16.32,16.3,16,18.75,18.44,19.73,20.04,20.55,20.43,20.19,18.97,19.34,17.89,18.39,22.89,21.13,20.96,NAV,23.15,21.68,22.47,23.53,23.32,23.92
2397 友通,27.01,25.7,28.1,29.61,26.18,27.52,27.91,29.14,24.66,25.48,25.99,26.3,23.68,23.07,26.7,24.15,25.13,27.32,28.36,25.65,26.53,27.12,27.62,25.24,25.88,27.72,30.67,24.67,23.75,24.31,24.75,25.48,24.28,24.95,25.68,26.4,24.55,25.85,26.38,27.8,26.29,27.21,28,28.52,25.15,26.34,28.21,26.99,NAV,28.52,28.43,29.47,29.72,28.2,29.45
8234 新漢,16.7,16.62,17.33,17.75,17.61,17.94,18.28,18.36,17.81,18.09,18.53,18.21,18.25,17.97,18.63,19.4,19.12,23.84,24.37,25.19,22.42,23.39,22.69,22.78,21.75,21.79,22.46,16.81,16.79,14.69,15.13,15.71,15.88,16.94,17.42,17.44,15.74,16.34,16.92,17.22,16.41,16.64,17.27,16.9,16.03,16.39,17.07,16.78,NAV,23.13,21.87,21.83,21.89,21.54,21.42
2395 研華,39.56,37.68,41.94,44.74,40.82,43.56,46.02,40.18,43.32,42,44.56,40.61,42.75,45.53,48.88,45.41,48.06,52.92,56.32,50.43,54.83,53.8,56.45,49.84,53.14,56.17,59.55,33.47,29.84,31.47,33.97,36.58,33.54,32.48,35.47,36.86,32.91,35.08,36.89,39.22,35.29,37.61,39.83,41.45,38.46,37.31,41.92,39.92,NAV,54.74,55.24,59.35,63.46,57.14,63.67
6166 凌華,21.22,20.21,20.95,21.58,20.77,21.12,21.5,21.9,20.28,20.52,20.76,20.78,20.96,19.76,20.32,20.84,22.67,24.03,25.65,23.49,23.72,24.78,24.8,23.87,23.57,23.55,24.72,17.44,17.56,18.2,18.7,19.51,18.98,18.63,19.69,20.44,19.38,18.98,19.32,22.58,20.46,20.39,21.5,21.13,20.08,20.93,21.36,20.37,NAV,24.13,22.78,24.46,25.74,26.56,28.32
3088 艾訊,29.86,26.94,29.66,31.15,29.65,30.83,31.81,32.73,30.05,30.78,31.68,30.54,30.98,32.92,34.15,32.92,34.02,36.71,38.92,37.8,40.43,40.21,41.37,38.92,40.7,42.81,45.28,16.89,15.92,16.87,17.58,19.07,17.48,18.8,19.93,20.87,17.8,20.16,21.42,22.73,19.44,20.44,22.08,22.08,28.24,29.44,30.88,28.21,NAV,44.48,43.06,45.43,47.8,47.22,50
6579 研揚,39.22,40.04,53.13,54.63,50.95,51.39,52.53,52.13,50.83,51.85,52.8,53.11,50.2,50.82,52.95,54.12,52.96,55.59,57.92,60.28,59.78,62.2,62.41,65.55,60.69,57.72,59.6,-,-,-,-,-,-,-,-,-,-,-,26.15,-,25.87,27.14,31.46,32,29.42,37.88,41.78,52.79,NAV,61.25,55.33,57.07,58.75,61.64,60.08
公司平均數,26.213,25.41,28.776,29.948,28.111,29.344,30.019,29.121,28.492,28.834,29.491,28.602,28.34,28.75,29.238,29.531,29.409,32.997,34.024,32.812,33.205,34.138,35.222,34.27,34.327,34.949,36.789,21.341,20.337,20.599,21.494,22.67,21.263,21.33,22.82,23.723,21.949,22.77,23.969,25.07,23.453,24.101,25.67,25.808,24.804,26.929,28.386,29.434,NAV,35.432,34.035,35.571,36.844,35.985,37.664
電腦及週邊設備業,27.68,27.67,28.71,30.13,28.41,29.23,29.71,29.48,28.82,30.39,30.95,32.21,31.56,32.4,33.79,35.18,33.58,36.41,36.64,36.71,36.15,38.25,38.4,39.54,39.59,42.56,44,23.46,22.05,22.85,23.43,25.41,23.61,25.01,25.97,27.04,24.64,26.28,26.17,27.44,25.24,26.35,26.95,27.18,25.52,27.15,28.84,28.66,NAV,44.9,41.3,44.52,47.88,49.84,52.3
6680 鑫創電子,-,"45,275","17,488","11,910","11,150","16,782",-19892,"31,823","11,288","9,518","1,059","6,987",-16290,-17719,"16,298",-37855,"1,027","46,263","27,149",-2892,"66,536","53,440","41,962",-4885,"47,491","43,667",-1138,-,-,-,-,-,-,-,-,-,-,-,-,-,-,-,-,-,-,-,-,-,OperatingCashflow,"26,118",-51303,"18,460","14,681",-57465,-42390
8050 廣積,"359,853","30,195","96,795","42,684","60,734","202,651",-122964,"137,631",-280684,-183735,-45825,-80527,-266201,"209,060","542,175",-221063,"8,057","273,169","372,489","50,102","446,790","342,060","147,926","151,091","58,652",-80550,"10,848","172,263","43,482","55,564","132,474","161,984","13,676",-41985,"78,815","126,551","8,778","191,086","219,506","76,488","237,470","106,412","314,657",-87082,"42,833",-231120,-114189,-105840,OperatingCashflow,"59,635","4,161","287,833","1,260",-434461,-947877
6922 宸曜,-,-,-,-,-,-,-,-,-,-,-,-,-,-,-,-,"38,108",-,"163,105","11,397","86,183","31,563",-89037,"52,751","199,555",-98444,337,-,-,-,-,-,-,-,-,-,-,-,-,-,-,-,-,-,-,-,-,-,OperatingCashflow,"56,854","131,255",-1957,-95465,"119,567","83,595"
3594 磐儀,"77,742","80,843",-52880,-52156,-1442,"114,157","52,285",-11711,-113422,"58,648","43,868",-55331,-29248,-146997,"13,394","81,576",-10565,"100,121","66,063","77,926","80,330","133,527","33,817","190,406",-21014,-26212,"29,453",-18050,"15,935",-100818,"70,292","37,106","6,977",-77874,-88753,-151887,-85379,-31287,"6,357","1,095",-15757,"20,143",-44885,-26155,-90140,-12127,-32982,"13,044",OperatingCashflow,"20,175",-164823,-41071,"58,037",-126927,-23579
2397 友通,-56507,"8,803","212,974","403,873","346,519","360,920","492,636","76,864","83,307",-61822,"404,285","104,562",-537765,-292266,-327846,-218265,-159875,"604,064","396,097","512,275","397,454","372,755","291,410","177,346","273,134","231,425","255,963",-152841,-35571,"60,998","7,715","10,870",-41567,"342,316","241,986","325,371",-190073,"359,960","132,366","65,372","59,632","302,918",-53439,"84,113",-86667,"542,341",-1531,"880,043",OperatingCashflow,"60,890","394,785","38,304","217,766",-106220,-474073
8234 新漢,"57,577","87,437",-154796,"93,045","150,849","141,877","33,400","338,735",-5078,"238,873","354,463",-28974,"59,689",-420642,-169695,-145979,"121,458","157,136","295,469","300,306","132,561","332,333","536,775","154,638",-77029,-113917,"137,903","83,182","63,519","40,941","105,608","118,075",-62672,-171418,"167,814","101,824",-94260,"147,548","47,793","155,245",-20786,-25492,-251605,"142,485",-30620,-73,"119,231",-182576,OperatingCashflow,"218,505","50,317","52,971",-162129,-181571,-491379
2395 研華,-472967,"780,964","1,785,980","1,048,079",-139921,"4,208,909","1,078,402",-254896,"1,128,194","6,517,114","688,154","1,043,076","590,542","4,935,026","2,562,923",-1035943,"1,628,766","5,834,276","3,304,175",-1020171,"1,877,723","8,389,850","417,258","508,615","922,824","7,267,264","1,812,148","784,845","1,258,792","1,255,389","1,760,655","616,358","1,248,230","1,057,457","1,989,196","1,385,854","1,483,951","1,015,434","2,018,920","1,768,679","1,311,710","2,032,531","2,901,655",-420826,"1,724,151","2,180,931","339,752","4,519,050",OperatingCashflow,"2,464,339","490,082","6,044,876","903,397","1,113,278","1,553,034"
6166 凌華,-149754,-19168,"49,509","253,806","187,166","413,222","678,743","803,428",-494961,"41,118","303,877","257,230",-246904,-564057,-615150,-88180,-71377,"509,726","581,464","283,202","137,709",-109869,"260,132","154,050","278,305","192,676","543,338","175,544","40,747","280,317","260,149","255,087","8,142","93,392","141,212","580,751","18,635","24,326","284,705","443,988",-227756,"373,686","97,952","363,299","158,413","34,217",-1821,"133,082",OperatingCashflow,"333,338",-548072,"407,705","553,756","92,469","70,897"
3088 艾訊,"226,170","207,527","343,946",-125885,"102,524","71,680","58,791",-32426,"113,929","126,947","333,046",-306295,-91341,"210,135","590,632",-464227,"128,345","125,327","451,234",-105468,"76,479","590,282","340,546","216,916","80,731","302,074","396,413",-1504,"95,174",-54157,"103,583","119,300","72,501","56,731","31,907","192,487","20,370","113,651","246,338","29,530","115,830","237,639","82,747","45,189",-116123,"151,477",-57724,"154,514",OperatingCashflow,"69,222","219,409","25,346","182,269","124,814",-188925
6579 研揚,"176,657",-75542,"45,402","279,295","190,950","252,907","16,394","134,887",-60941,"222,533","419,612","201,505",-333335,-160903,-96299,"199,566",-15344,"417,532","204,448","646,370","359,615","835,221","225,621","759,138","284,801",-251587,"334,478",-,-,-,-,-,-,-,-,-,-,-,-,-,"240,541","177,458","342,822",-65809,"141,617","230,474",-57390,"396,610",OperatingCashflow,"151,145",-113740,-158186,"123,657",-251251,-464409
公司平均數,"27,346.375","127,370.445","260,490.89","217,183.44","100,947.664","642,567.25","251,977.22","136,037.22","42,403.555","774,354.9","278,059.88","126,914.78",-870853,"416,848.56","279,603.56",-1930370,"166,860","896,401.56","586,169.3","75,304.7","366,138","1,097,116.2","220,641","236,006.6","204,745","746,639.6","351,974.3","149,062.72","211,725.42","219,747.72","348,639.44","188,397.14","177,898.14","179,802.72","366,025.28","365,850.16","166,003.14","260,102.58","422,283.56","362,913.84","212,610.5","403,161.88","423,738","4,401.75","217,933","362,015","24,168.25","725,990.9",OperatingCashflow,"346,022.1","41,207.1","667,428.1","179,722.9","29,223.3",-925106
電腦及週邊設備業,"522,814.87",-476506.96,"429,985.46","326,442.14","558,468.54","639,102.38","1,513,489.39","419,096.3",-666835.75,"1,232,007.59","1,109,799.33",-131730.1,-376657.95,"915,927.06","245,620.54",-717750.57,-306262.94,"2,127,633.79","1,827,630.97","1,230,584.28","684,215.17","1,303,472.39","1,803,666.63","365,477.28",-327449.45,"59,337.93","1,014,483.61","268,446.55","808,523.08","476,920.99","714,313.52","698,612.51","193,272.87","253,677.53","685,393.56","30,628.63","188,951.84","197,517.74","972,233.7","1,235,460.6","77,196.17","885,603.82","1,119,232.67","3,610.59",-121791.67,"65,153.39","95,379.64","166,437.08",OperatingCashflow,-488711.44,"199,190.41","465,160","731,203.11",-2914064.64,-2015553.7
6680 鑫創電子,-,-33841,-67997,-17774,"12,309",-85482,"3,472",-4760,-12653,"27,405",-195,-10502,-11656,"55,037",-20291,"12,878","41,057","3,208",-29766,-30804,"72,271",-14224,-86138,"21,757",-35480,-401923,"102,208",-,-,-,-,-,-,-,-,-,-,-,-,-,-,-,-,-,-,-,-,-,InvestingCashflow,-31421,-5497,-1585,-3734,-5543,-17750
8050 廣積,-27254,-147251,"38,663","17,751",-52644,-471569,-123705,-670560,-170251,"201,421",-423988,-169073,-137700,"61,433","586,510",-103447,"16,647",-225724,-628303,-26610,"40,952",-487350,"373,165","240,211",-2942,-223400,-156751,-266747,"52,437",-36610,"187,554",-6756,"3,344",-178975,-52179,-42664,"62,077",-31889,-170903,-4901,-224115,-21785,-395421,"148,652",-281676,"191,979",-91205,"181,061",InvestingCashflow,-158168,"354,784","278,578",-12406,"33,469",-60308
6922 宸曜,-,-,-,-,-,-,-,-,-,-,-,-,-,-,-,-,-4411,-,-819,-882,-632,-17222,-86796,-11907,-606155,-49354,"85,346",-,-,-,-,-,-,-,-,-,-,-,-,-,-,-,-,-,-,-,-,-,InvestingCashflow,"11,789",-13601,-138068,-13244,"21,283",-28135
3594 磐儀,-72540,"28,154","86,650",-910,-3794,-96874,-108070,-51726,-376603,"89,125",-18542,-83969,"10,333","22,932",-30987,-1973,-9182,-105732,-99436,-70512,-22620,-6277,"43,996","1,551","105,970",-35328,-71077,-3604,-3348,-3681,-11574,-57125,-9389,-21329,58,-5617,-8206,-9084,-6894,-43756,-7108,-75094,-47581,-2358,-3969,-212328,-12961,-14286,InvestingCashflow,"22,915","23,608",-47826,-147224,-39984,"1,547"
2397 友通,"44,876",-185537,-49451,"27,731",78,-1601,"401,023",-11213,-5203,"47,737",-1405,-61731,-387491,-38193,-47513,-97387,-114100,-58822,-20719,-2504,-8661,-2724,"368,159",-14543,-9086,-928673,-200157,"210,308",-251,-5307,"65,643",-1891,-430,-26418,-98356,-330112,-24455,-6762,-13803,-30228,-383,-4941,-16179,-5046,-23139,"2,931","8,277",-189334,InvestingCashflow,-24478,-7107,-27412,-113078,-121689,-117083
8234 新漢,-15697,-89007,-59241,-58750,-73557,-27168,-36131,-14328,-27105,-19688,-69548,-16196,-35090,-15272,-121,-24226,"50,470",-92124,"544,936",-15943,"334,999",-20347,-29400,-14325,"216,663",-60860,-21905,-22558,-1017355,-18585,-38908,-52411,"79,471","283,756",-19256,-40090,-14806,-15226,-13246,-28376,-13779,-21518,-5571,-21653,-28550,-22838,-47202,-77238,InvestingCashflow,-25542,-15457,-24515,-142136,-83860,-49686
2395 研華,"1,336,502",-476363,-653632,-813643,-175662,-341899,-474610,-729739,"249,707",-884561,"555,709",-396444,-348293,-230799,-300240,-455080,-490912,-500518,-793092,-1054547,-156487,-560119,-801593,"890,098",-255917,-714785,-389239,-1491252,-1193659,"1,161,846",-1280320,-534047,-1170827,"2,078,715",-2121487,-816625,-1634679,"2,844,345",-2036476,-1044408,-2453850,"1,811,022",-1742997,-316267,-1954210,"3,063,720",-608639,-30524,InvestingCashflow,-846391,-1229443,-1083694,-1060993,-2890318,"1,228,241"
6166 凌華,-59384,-33396,-39386,-28304,-109330,-43567,-464307,-13105,-53174,-565864,-94991,-2854392,-234205,-163954,-90567,-189486,"463,461",-109854,"32,539",-104437,-65303,-12210,-53411,-47646,-54065,-85685,"53,796",-70406,-24909,"117,332",-31488,-259326,-113275,-59834,-20996,-158315,-138352,-8248,-702082,-151997,-99101,"234,342",-351454,-107136,"165,029","126,880",-47482,-38562,InvestingCashflow,-26436,-36063,-27406,-37140,-5343,-101260
3088 艾訊,-23949,-10478,-43241,"10,246","87,294",-5353,-23633,-17178,-7595,-7767,-10765,"113,502",-13390,-68747,-504984,-15850,-12506,-32824,-108599,-72446,-98876,-28580,-222782,-297888,-22880,"68,030",-41568,-8459,-10543,-13970,-8330,-10119,-8900,-6163,-147923,-29135,"6,197",-10386,-41775,-18284,-14341,-7550,-14491,-25957,-171621,-60655,-16378,-8964,InvestingCashflow,-31662,-15354,-40092,-23036,-18021,-15528
6579 研揚,-30374,-1748,-12308,-2047,-10540,"136,175",-36268,-14333,-21697,"159,892",-30743,-36462,-250427,"120,743","2,203",-5253,"23,341","33,844",-22204,-39395,"798,130","248,052",-21344,-138897,-95904,"332,478",-57303,-,-,-,-,-,-,-,-,-,-,-,-,-,-25814,"11,293",-16490,-37437,-28617,"15,351",-11125,"44,381",InvestingCashflow,-34634,-347671,-276839,-248782,-130124,"407,739"
公司平均數,"144,022.5",-949467,-799943,-865700,-325846,-937338,-862229,-1526942,-424574,-952300,-94468,-3515267,-1407919,-256820,-405990,-879824,-36135,-1088546,-1125463,-1418080,"89,377.3",-901001,-516144,"62,841.1",-759796,-2099500,-696650,-1652718,-2197628,"171,575",-1117423,-921675,-1220006,"295,678.84",-2460139,-1422558,-1752224,"394,678.56",-2985179,-1321950,-2838491,"240,721.12",-2590184,-367202,-2326753,"388,130",-826715,-133466,InvestingCashflow,-1144028,-1291801,-1388859,-1801773,-3240130,"124,777.7"
電腦及週邊設備業,-254230.51,-206422.39,-287088.66,-141337.04,-243925.43,"6,801.5",-242987.85,-142172.9,-274638.7,-469133.62,-228693.27,-356990.44,-471504.28,-57219.07,-83228.08,-401486.48,-330574.31,"41,804.52",-130943.07,-746273.97,-244599.99,-62196.13,-423780.76,-203919,-454415.24,-416670.84,-496983.99,-322897.05,-241640.45,"30,434.57",-191060.02,-206312.04,-308019.57,"2,082.49",-385587.41,-90112.98,-197913.49,-253246.65,-227319,-233575.16,-205743.37,-183390.7,-235470.32,-393844.63,-163624.3,-412676.14,-166814.51,-21099.99,InvestingCashflow,-454694.76,-136550.67,-560009.77,-388317.14,-949432.61,-625477.72
6680 鑫創電子,-,-,-,-,-,-,-,-,-,-,-,-,-,-,-,-,-,-,-,-,-,-,-,-,-,-,-,-,-,-,-,-,-,-,-,-,-,-,-,-,-,-,-,-,-,-,-,-,FinancingCashflow,-,-,-,-,-,-
8050 廣積,-,-,-,-,-,-,-,-,-,-,-,-,-,-,-,-,-,-,-,-,-,-,-,-,-,-,-,-,-,-,-,-,-,-,-,-,-,-,-,-,-,-,-,-,-,-,-,-,FinancingCashflow,-,-,-,-,-,-
6922 宸曜,-,-,-,-,-,-,-,-,-,-,-,-,-,-,-,-,-,-,-,-,-,-,-,-,-,-,-,-,-,-,-,-,-,-,-,-,-,-,-,-,-,-,-,-,-,-,-,-,FinancingCashflow,-,-,-,-,-,-
3594 磐儀,-,-,-,-,-,-,-,-,-,-,-,-,-,-,-,-,-,-,-,-,-,-,-,-,-,-,-,-,-,-,-,-,-,-,-,-,-,-,-,-,-,-,-,-,-,-,-,-,FinancingCashflow,-,-,-,-,-,-
2397 友通,-,-,-,-,-,-,-,-,-,-,-,-,-,-,-,-,-,-,-,-,-,-,-,-,-,-,-,-,-,-,-,-,-,-,-,-,-,-,-,-,-,-,-,-,-,-,-,-,FinancingCashflow,-,-,-,-,-,-
8234 新漢,-,-,-,-,-,-,-,-,-,-,-,-,-,-,-,-,-,-,-,-,-,-,-,-,-,-,-,-,-,-,-,-,-,-,-,-,-,-,-,-,-,-,-,-,-,-,-,-,FinancingCashflow,-,-,-,-,-,-
2395 研華,-,-,-,-,-,-,-,-,-,-,-,-,-,-,-,-,-,-,-,-,-,-,-,-,-,-,-,-,-,-,-,-,-,-,-,-,-,-,-,-,-,-,-,-,-,-,-,-,FinancingCashflow,-,-,-,-,-,-
6166 凌華,-,-,-,-,-,-,-,-,-,-,-,-,-,-,-,-,-,-,-,-,-,-,-,-,-,-,-,-,-,-,-,-,-,-,-,-,-,-,-,-,-,-,-,-,-,-,-,-,FinancingCashflow,-,-,-,-,-,-
3088 艾訊,-,-,-,-,-,-,-,-,-,-,-,-,-,-,-,-,-,-,-,-,-,-,-,-,-,-,-,-,-,-,-,-,-,-,-,-,-,-,-,-,-,-,-,-,-,-,-,-,FinancingCashflow,-,-,-,-,-,-
6579 研揚,-,-,-,-,-,-,-,-,-,-,-,-,-,-,-,-,-,-,-,-,-,-,-,-,-,-,-,-,-,-,-,-,-,-,-,-,-,-,-,-,-,-,-,-,-,-,-,-,FinancingCashflow,-,-,-,-,-,-
公司平均數,0,0,0,0,0,0,0,0,0,0,0,0,0,0,0,0,0,0,0,0,0,0,0,0,0,0,0,0,0,0,0,0,0,0,0,0,0,0,0,0,0,0,0,0,0,0,0,0,FinancingCashflow,0,0,0,0,0,0
電腦及週邊設備業,-,-,-,-,-,-,-,-,-,-,-,-,-,-,-,-,-,-,-,-,-,-,-,-,-,-,-,-,-,-,-,-,-,-,-,-,-,-,-,-,-,-,-,-,-,-,-,-,FinancingCashflow,-,-,-,-,-,-
6680 鑫創電子,-,-,-,-,-,-,-,-,-,-,-,-,-,-,-,-,-,-,-,-,-,-,-,-,-,-,-,-,-,-,-,-,-,-,-,-,-,-,-,-,-,-,-,-,-,-,-,-,DebtRatio,-,-,-,-,-,-
8050 廣積,-,-,-,-,-,-,-,-,-,-,-,-,-,-,-,-,-,-,-,-,-,-,-,-,-,-,-,-,-,-,-,-,-,-,-,-,-,-,-,-,-,-,-,-,-,-,-,-,DebtRatio,-,-,-,-,-,-
6922 宸曜,-,-,-,-,-,-,-,-,-,-,-,-,-,-,-,-,-,-,-,-,-,-,-,-,-,-,-,-,-,-,-,-,-,-,-,-,-,-,-,-,-,-,-,-,-,-,-,-,DebtRatio,-,-,-,-,-,-
3594 磐儀,-,-,-,-,-,-,-,-,-,-,-,-,-,-,-,-,-,-,-,-,-,-,-,-,-,-,-,-,-,-,-,-,-,-,-,-,-,-,-,-,-,-,-,-,-,-,-,-,DebtRatio,-,-,-,-,-,-
2397 友通,-,-,-,-,-,-,-,-,-,-,-,-,-,-,-,-,-,-,-,-,-,-,-,-,-,-,-,-,-,-,-,-,-,-,-,-,-,-,-,-,-,-,-,-,-,-,-,-,DebtRatio,-,-,-,-,-,-
8234 新漢,-,-,-,-,-,-,-,-,-,-,-,-,-,-,-,-,-,-,-,-,-,-,-,-,-,-,-,-,-,-,-,-,-,-,-,-,-,-,-,-,-,-,-,-,-,-,-,-,DebtRatio,-,-,-,-,-,-
2395 研華,-,-,-,-,-,-,-,-,-,-,-,-,-,-,-,-,-,-,-,-,-,-,-,-,-,-,-,-,-,-,-,-,-,-,-,-,-,-,-,-,-,-,-,-,-,-,-,-,DebtRatio,-,-,-,-,-,-
6166 凌華,-,-,-,-,-,-,-,-,-,-,-,-,-,-,-,-,-,-,-,-,-,-,-,-,-,-,-,-,-,-,-,-,-,-,-,-,-,-,-,-,-,-,-,-,-,-,-,-,DebtRatio,-,-,-,-,-,-
3088 艾訊,-,-,-,-,-,-,-,-,-,-,-,-,-,-,-,-,-,-,-,-,-,-,-,-,-,-,-,-,-,-,-,-,-,-,-,-,-,-,-,-,-,-,-,-,-,-,-,-,DebtRatio,-,-,-,-,-,-
6579 研揚,-,-,-,-,-,-,-,-,-,-,-,-,-,-,-,-,-,-,-,-,-,-,-,-,-,-,-,-,-,-,-,-,-,-,-,-,-,-,-,-,-,-,-,-,-,-,-,-,DebtRatio,-,-,-,-,-,-
公司平均數,0.00,0.00,0.00,0.00,0.00,0.00,0.00,0.00,0.00,0.00,0.00,0.00,0.00,0.00,0.00,0.00,0.00,0.00,0.00,0.00,0.00,0.00,0.00,0.00,0.00,0.00,0.00,0.00,0.00,0.00,0.00,0.00,0.00,0.00,0.00,0.00,0.00,0.00,0.00,0.00,0.00,0.00,0.00,0.00,0.00,0.00,0.00,0.00,DebtRatio,0.00,0.00,0.00,0.00,0.00,0.00
電腦及週邊設備業,-,-,-,-,-,-,-,-,-,-,-,-,-,-,-,-,-,-,-,-,-,-,-,-,-,-,-,-,-,-,-,-,-,-,-,-,-,-,-,-,-,-,-,-,-,-,-,-,DebtRatio,-,-,-,-,-,-
6680 鑫創電子,-,-,-,-,-,-,-,-,-,-,-,-,-,-,-,-,-,-,-,-,-,-,-,-,-,-,-,-,-,-,-,-,-,-,-,-,-,-,-,-,-,-,-,-,-,-,-,-,LongTermLiabilitiesRatio,-,-,-,-,-,-
8050 廣積,-,-,-,-,-,-,-,-,-,-,-,-,-,-,-,-,-,-,-,-,-,-,-,-,-,-,-,-,-,-,-,-,-,-,-,-,-,-,-,-,-,-,-,-,-,-,-,-,LongTermLiabilitiesRatio,-,-,-,-,-,-
6922 宸曜,-,-,-,-,-,-,-,-,-,-,-,-,-,-,-,-,-,-,-,-,-,-,-,-,-,-,-,-,-,-,-,-,-,-,-,-,-,-,-,-,-,-,-,-,-,-,-,-,LongTermLiabilitiesRatio,-,-,-,-,-,-
3594 磐儀,-,-,-,-,-,-,-,-,-,-,-,-,-,-,-,-,-,-,-,-,-,-,-,-,-,-,-,-,-,-,-,-,-,-,-,-,-,-,-,-,-,-,-,-,-,-,-,-,LongTermLiabilitiesRatio,-,-,-,-,-,-
2397 友通,-,-,-,-,-,-,-,-,-,-,-,-,-,-,-,-,-,-,-,-,-,-,-,-,-,-,-,-,-,-,-,-,-,-,-,-,-,-,-,-,-,-,-,-,-,-,-,-,LongTermLiabilitiesRatio,-,-,-,-,-,-
8234 新漢,-,-,-,-,-,-,-,-,-,-,-,-,-,-,-,-,-,-,-,-,-,-,-,-,-,-,-,-,-,-,-,-,-,-,-,-,-,-,-,-,-,-,-,-,-,-,-,-,LongTermLiabilitiesRatio,-,-,-,-,-,-
2395 研華,-,-,-,-,-,-,-,-,-,-,-,-,-,-,-,-,-,-,-,-,-,-,-,-,-,-,-,-,-,-,-,-,-,-,-,-,-,-,-,-,-,-,-,-,-,-,-,-,LongTermLiabilitiesRatio,-,-,-,-,-,-
6166 凌華,-,-,-,-,-,-,-,-,-,-,-,-,-,-,-,-,-,-,-,-,-,-,-,-,-,-,-,-,-,-,-,-,-,-,-,-,-,-,-,-,-,-,-,-,-,-,-,-,LongTermLiabilitiesRatio,-,-,-,-,-,-
3088 艾訊,-,-,-,-,-,-,-,-,-,-,-,-,-,-,-,-,-,-,-,-,-,-,-,-,-,-,-,-,-,-,-,-,-,-,-,-,-,-,-,-,-,-,-,-,-,-,-,-,LongTermLiabilitiesRatio,-,-,-,-,-,-
6579 研揚,-,-,-,-,-,-,-,-,-,-,-,-,-,-,-,-,-,-,-,-,-,-,-,-,-,-,-,-,-,-,-,-,-,-,-,-,-,-,-,-,-,-,-,-,-,-,-,-,LongTermLiabilitiesRatio,-,-,-,-,-,-
公司平均數,0.00,0.00,0.00,0.00,0.00,0.00,0.00,0.00,0.00,0.00,0.00,0.00,0.00,0.00,0.00,0.00,0.00,0.00,0.00,0.00,0.00,0.00,0.00,0.00,0.00,0.00,0.00,0.00,0.00,0.00,0.00,0.00,0.00,0.00,0.00,0.00,0.00,0.00,0.00,0.00,0.00,0.00,0.00,0.00,0.00,0.00,0.00,0.00,LongTermLiabilitiesRatio,0.00,0.00,0.00,0.00,0.00,0.00
電腦及週邊設備業,-,-,-,-,-,-,-,-,-,-,-,-,-,-,-,-,-,-,-,-,-,-,-,-,-,-,-,-,-,-,-,-,-,-,-,-,-,-,-,-,-,-,-,-,-,-,-,-,LongTermLiabilitiesRatio,-,-,-,-,-,-
6680 鑫創電子,-,-,-,-,-,-,-,-,-,-,-,-,-,-,-,-,-,-,-,-,-,-,-,-,-,-,-,-,-,-,-,-,-,-,-,-,-,-,-,-,-,-,-,-,-,-,-,-,CurrentRatio,-,-,-,-,-,-
8050 廣積,-,-,-,-,-,-,-,-,-,-,-,-,-,-,-,-,-,-,-,-,-,-,-,-,-,-,-,-,-,-,-,-,-,-,-,-,-,-,-,-,-,-,-,-,-,-,-,-,CurrentRatio,-,-,-,-,-,-
6922 宸曜,-,-,-,-,-,-,-,-,-,-,-,-,-,-,-,-,-,-,-,-,-,-,-,-,-,-,-,-,-,-,-,-,-,-,-,-,-,-,-,-,-,-,-,-,-,-,-,-,CurrentRatio,-,-,-,-,-,-
3594 磐儀,-,-,-,-,-,-,-,-,-,-,-,-,-,-,-,-,-,-,-,-,-,-,-,-,-,-,-,-,-,-,-,-,-,-,-,-,-,-,-,-,-,-,-,-,-,-,-,-,CurrentRatio,-,-,-,-,-,-
2397 友通,-,-,-,-,-,-,-,-,-,-,-,-,-,-,-,-,-,-,-,-,-,-,-,-,-,-,-,-,-,-,-,-,-,-,-,-,-,-,-,-,-,-,-,-,-,-,-,-,CurrentRatio,-,-,-,-,-,-
8234 新漢,-,-,-,-,-,-,-,-,-,-,-,-,-,-,-,-,-,-,-,-,-,-,-,-,-,-,-,-,-,-,-,-,-,-,-,-,-,-,-,-,-,-,-,-,-,-,-,-,CurrentRatio,-,-,-,-,-,-
2395 研華,-,-,-,-,-,-,-,-,-,-,-,-,-,-,-,-,-,-,-,-,-,-,-,-,-,-,-,-,-,-,-,-,-,-,-,-,-,-,-,-,-,-,-,-,-,-,-,-,CurrentRatio,-,-,-,-,-,-
6166 凌華,-,-,-,-,-,-,-,-,-,-,-,-,-,-,-,-,-,-,-,-,-,-,-,-,-,-,-,-,-,-,-,-,-,-,-,-,-,-,-,-,-,-,-,-,-,-,-,-,CurrentRatio,-,-,-,-,-,-
3088 艾訊,-,-,-,-,-,-,-,-,-,-,-,-,-,-,-,-,-,-,-,-,-,-,-,-,-,-,-,-,-,-,-,-,-,-,-,-,-,-,-,-,-,-,-,-,-,-,-,-,CurrentRatio,-,-,-,-,-,-
6579 研揚,-,-,-,-,-,-,-,-,-,-,-,-,-,-,-,-,-,-,-,-,-,-,-,-,-,-,-,-,-,-,-,-,-,-,-,-,-,-,-,-,-,-,-,-,-,-,-,-,CurrentRatio,-,-,-,-,-,-
公司平均數,0.00,0.00,0.00,0.00,0.00,0.00,0.00,0.00,0.00,0.00,0.00,0.00,0.00,0.00,0.00,0.00,0.00,0.00,0.00,0.00,0.00,0.00,0.00,0.00,0.00,0.00,0.00,0.00,0.00,0.00,0.00,0.00,0.00,0.00,0.00,0.00,0.00,0.00,0.00,0.00,0.00,0.00,0.00,0.00,0.00,0.00,0.00,0.00,CurrentRatio,0.00,0.00,0.00,0.00,0.00,0.00
電腦及週邊設備業,-,-,-,-,-,-,-,-,-,-,-,-,-,-,-,-,-,-,-,-,-,-,-,-,-,-,-,-,-,-,-,-,-,-,-,-,-,-,-,-,-,-,-,-,-,-,-,-,CurrentRatio,-,-,-,-,-,-
6680 鑫創電子,-,-,-,-,-,-,-,-,-,-,-,-,-,-,-,-,-,-,-,-,-,-,-,-,-,-,-,-,-,-,-,-,-,-,-,-,-,-,-,-,-,-,-,-,-,-,-,-,QuickRatio,-,-,-,-,-,-
8050 廣積,-,-,-,-,-,-,-,-,-,-,-,-,-,-,-,-,-,-,-,-,-,-,-,-,-,-,-,-,-,-,-,-,-,-,-,-,-,-,-,-,-,-,-,-,-,-,-,-,QuickRatio,-,-,-,-,-,-
6922 宸曜,-,-,-,-,-,-,-,-,-,-,-,-,-,-,-,-,-,-,-,-,-,-,-,-,-,-,-,-,-,-,-,-,-,-,-,-,-,-,-,-,-,-,-,-,-,-,-,-,QuickRatio,-,-,-,-,-,-
3594 磐儀,-,-,-,-,-,-,-,-,-,-,-,-,-,-,-,-,-,-,-,-,-,-,-,-,-,-,-,-,-,-,-,-,-,-,-,-,-,-,-,-,-,-,-,-,-,-,-,-,QuickRatio,-,-,-,-,-,-
2397 友通,-,-,-,-,-,-,-,-,-,-,-,-,-,-,-,-,-,-,-,-,-,-,-,-,-,-,-,-,-,-,-,-,-,-,-,-,-,-,-,-,-,-,-,-,-,-,-,-,QuickRatio,-,-,-,-,-,-
8234 新漢,-,-,-,-,-,-,-,-,-,-,-,-,-,-,-,-,-,-,-,-,-,-,-,-,-,-,-,-,-,-,-,-,-,-,-,-,-,-,-,-,-,-,-,-,-,-,-,-,QuickRatio,-,-,-,-,-,-
2395 研華,-,-,-,-,-,-,-,-,-,-,-,-,-,-,-,-,-,-,-,-,-,-,-,-,-,-,-,-,-,-,-,-,-,-,-,-,-,-,-,-,-,-,-,-,-,-,-,-,QuickRatio,-,-,-,-,-,-
6166 凌華,-,-,-,-,-,-,-,-,-,-,-,-,-,-,-,-,-,-,-,-,-,-,-,-,-,-,-,-,-,-,-,-,-,-,-,-,-,-,-,-,-,-,-,-,-,-,-,-,QuickRatio,-,-,-,-,-,-
3088 艾訊,-,-,-,-,-,-,-,-,-,-,-,-,-,-,-,-,-,-,-,-,-,-,-,-,-,-,-,-,-,-,-,-,-,-,-,-,-,-,-,-,-,-,-,-,-,-,-,-,QuickRatio,-,-,-,-,-,-
6579 研揚,-,-,-,-,-,-,-,-,-,-,-,-,-,-,-,-,-,-,-,-,-,-,-,-,-,-,-,-,-,-,-,-,-,-,-,-,-,-,-,-,-,-,-,-,-,-,-,-,QuickRatio,-,-,-,-,-,-
公司平均數,0.00,0.00,0.00,0.00,0.00,0.00,0.00,0.00,0.00,0.00,0.00,0.00,0.00,0.00,0.00,0.00,0.00,0.00,0.00,0.00,0.00,0.00,0.00,0.00,0.00,0.00,0.00,0.00,0.00,0.00,0.00,0.00,0.00,0.00,0.00,0.00,0.00,0.00,0.00,0.00,0.00,0.00,0.00,0.00,0.00,0.00,0.00,0.00,QuickRatio,0.00,0.00,0.00,0.00,0.00,0.00
電腦及週邊設備業,-,-,-,-,-,-,-,-,-,-,-,-,-,-,-,-,-,-,-,-,-,-,-,-,-,-,-,-,-,-,-,-,-,-,-,-,-,-,-,-,-,-,-,-,-,-,-,-,QuickRatio,-,-,-,-,-,-
6680 鑫創電子,-,-,-,-,-,-,-,-,-,-,-,-,-,-,-,-,-,-,-,-,-,-,-,-,-,-,-,-,-,-,-,-,-,-,-,-,-,-,-,-,-,-,-,-,-,-,-,-,InterestCoverage,-,-,-,-,-,-
8050 廣積,-,-,-,-,-,-,-,-,-,-,-,-,-,-,-,-,-,-,-,-,-,-,-,-,-,-,-,-,-,-,-,-,-,-,-,-,-,-,-,-,-,-,-,-,-,-,-,-,InterestCoverage,-,-,-,-,-,-
6922 宸曜,-,-,-,-,-,-,-,-,-,-,-,-,-,-,-,-,-,-,-,-,-,-,-,-,-,-,-,-,-,-,-,-,-,-,-,-,-,-,-,-,-,-,-,-,-,-,-,-,InterestCoverage,-,-,-,-,-,-
3594 磐儀,-,-,-,-,-,-,-,-,-,-,-,-,-,-,-,-,-,-,-,-,-,-,-,-,-,-,-,-,-,-,-,-,-,-,-,-,-,-,-,-,-,-,-,-,-,-,-,-,InterestCoverage,-,-,-,-,-,-
2397 友通,-,-,-,-,-,-,-,-,-,-,-,-,-,-,-,-,-,-,-,-,-,-,-,-,-,-,-,-,-,-,-,-,-,-,-,-,-,-,-,-,-,-,-,-,-,-,-,-,InterestCoverage,-,-,-,-,-,-
8234 新漢,-,-,-,-,-,-,-,-,-,-,-,-,-,-,-,-,-,-,-,-,-,-,-,-,-,-,-,-,-,-,-,-,-,-,-,-,-,-,-,-,-,-,-,-,-,-,-,-,InterestCoverage,-,-,-,-,-,-
2395 研華,-,-,-,-,-,-,-,-,-,-,-,-,-,-,-,-,-,-,-,-,-,-,-,-,-,-,-,-,-,-,-,-,-,-,-,-,-,-,-,-,-,-,-,-,-,-,-,-,InterestCoverage,-,-,-,-,-,-
6166 凌華,-,-,-,-,-,-,-,-,-,-,-,-,-,-,-,-,-,-,-,-,-,-,-,-,-,-,-,-,-,-,-,-,-,-,-,-,-,-,-,-,-,-,-,-,-,-,-,-,InterestCoverage,-,-,-,-,-,-
3088 艾訊,-,-,-,-,-,-,-,-,-,-,-,-,-,-,-,-,-,-,-,-,-,-,-,-,-,-,-,-,-,-,-,-,-,-,-,-,-,-,-,-,-,-,-,-,-,-,-,-,InterestCoverage,-,-,-,-,-,-
6579 研揚,-,-,-,-,-,-,-,-,-,-,-,-,-,-,-,-,-,-,-,-,-,-,-,-,-,-,-,-,-,-,-,-,-,-,-,-,-,-,-,-,-,-,-,-,-,-,-,-,InterestCoverage,-,-,-,-,-,-
公司平均數,0,0,0,0,0,0,0,0,0,0,0,0,0,0,0,0,0,0,0,0,0,0,0,0,0,0,0,0,0,0,0,0,0,0,0,0,0,0,0,0,0,0,0,0,0,0,0,0,InterestCoverage,0,0,0,0,0,0
電腦及週邊設備業,-,-,-,-,-,-,-,-,-,-,-,-,-,-,-,-,-,-,-,-,-,-,-,-,-,-,-,-,-,-,-,-,-,-,-,-,-,-,-,-,-,-,-,-,-,-,-,-,InterestCoverage,-,-,-,-,-,-
6680 鑫創電子,-,-,-,-,-,-,-,-,-,-,-,-,-,-,-,-,-,-,-,-,-,-,-,-,-,-,-,-,-,-,-,-,-,-,-,-,-,-,-,-,-,-,-,-,-,-,-,-,AccountsReceivableTurnover,-,-,-,-,-,-
8050 廣積,-,-,-,-,-,-,-,-,-,-,-,-,-,-,-,-,-,-,-,-,-,-,-,-,-,-,-,-,-,-,-,-,-,-,-,-,-,-,-,-,-,-,-,-,-,-,-,-,AccountsReceivableTurnover,-,-,-,-,-,-
6922 宸曜,-,-,-,-,-,-,-,-,-,-,-,-,-,-,-,-,-,-,-,-,-,-,-,-,-,-,-,-,-,-,-,-,-,-,-,-,-,-,-,-,-,-,-,-,-,-,-,-,AccountsReceivableTurnover,-,-,-,-,-,-
3594 磐儀,-,-,-,-,-,-,-,-,-,-,-,-,-,-,-,-,-,-,-,-,-,-,-,-,-,-,-,-,-,-,-,-,-,-,-,-,-,-,-,-,-,-,-,-,-,-,-,-,AccountsReceivableTurnover,-,-,-,-,-,-
2397 友通,-,-,-,-,-,-,-,-,-,-,-,-,-,-,-,-,-,-,-,-,-,-,-,-,-,-,-,-,-,-,-,-,-,-,-,-,-,-,-,-,-,-,-,-,-,-,-,-,AccountsReceivableTurnover,-,-,-,-,-,-
8234 新漢,-,-,-,-,-,-,-,-,-,-,-,-,-,-,-,-,-,-,-,-,-,-,-,-,-,-,-,-,-,-,-,-,-,-,-,-,-,-,-,-,-,-,-,-,-,-,-,-,AccountsReceivableTurnover,-,-,-,-,-,-
2395 研華,-,-,-,-,-,-,-,-,-,-,-,-,-,-,-,-,-,-,-,-,-,-,-,-,-,-,-,-,-,-,-,-,-,-,-,-,-,-,-,-,-,-,-,-,-,-,-,-,AccountsReceivableTurnover,-,-,-,-,-,-
6166 凌華,-,-,-,-,-,-,-,-,-,-,-,-,-,-,-,-,-,-,-,-,-,-,-,-,-,-,-,-,-,-,-,-,-,-,-,-,-,-,-,-,-,-,-,-,-,-,-,-,AccountsReceivableTurnover,-,-,-,-,-,-
3088 艾訊,-,-,-,-,-,-,-,-,-,-,-,-,-,-,-,-,-,-,-,-,-,-,-,-,-,-,-,-,-,-,-,-,-,-,-,-,-,-,-,-,-,-,-,-,-,-,-,-,AccountsReceivableTurnover,-,-,-,-,-,-
6579 研揚,-,-,-,-,-,-,-,-,-,-,-,-,-,-,-,-,-,-,-,-,-,-,-,-,-,-,-,-,-,-,-,-,-,-,-,-,-,-,-,-,-,-,-,-,-,-,-,-,AccountsReceivableTurnover,-,-,-,-,-,-
公司平均數,0,0,0,0,0,0,0,0,0,0,0,0,0,0,0,0,0,0,0,0,0,0,0,0,0,0,0,0,0,0,0,0,0,0,0,0,0,0,0,0,0,0,0,0,0,0,0,0,AccountsReceivableTurnover,0,0,0,0,0,0
電腦及週邊設備業,-,-,-,-,-,-,-,-,-,-,-,-,-,-,-,-,-,-,-,-,-,-,-,-,-,-,-,-,-,-,-,-,-,-,-,-,-,-,-,-,-,-,-,-,-,-,-,-,AccountsReceivableTurnover,-,-,-,-,-,-
6680 鑫創電子,-,-,-,-,-,-,-,-,-,-,-,-,-,-,-,-,-,-,-,-,-,-,-,-,-,-,-,-,-,-,-,-,-,-,-,-,-,-,-,-,-,-,-,-,-,-,-,-,AccountsReceivableTurnoverDay,-,-,-,-,-,-
8050 廣積,-,-,-,-,-,-,-,-,-,-,-,-,-,-,-,-,-,-,-,-,-,-,-,-,-,-,-,-,-,-,-,-,-,-,-,-,-,-,-,-,-,-,-,-,-,-,-,-,AccountsReceivableTurnoverDay,-,-,-,-,-,-
6922 宸曜,-,-,-,-,-,-,-,-,-,-,-,-,-,-,-,-,-,-,-,-,-,-,-,-,-,-,-,-,-,-,-,-,-,-,-,-,-,-,-,-,-,-,-,-,-,-,-,-,AccountsReceivableTurnoverDay,-,-,-,-,-,-
3594 磐儀,-,-,-,-,-,-,-,-,-,-,-,-,-,-,-,-,-,-,-,-,-,-,-,-,-,-,-,-,-,-,-,-,-,-,-,-,-,-,-,-,-,-,-,-,-,-,-,-,AccountsReceivableTurnoverDay,-,-,-,-,-,-
2397 友通,-,-,-,-,-,-,-,-,-,-,-,-,-,-,-,-,-,-,-,-,-,-,-,-,-,-,-,-,-,-,-,-,-,-,-,-,-,-,-,-,-,-,-,-,-,-,-,-,AccountsReceivableTurnoverDay,-,-,-,-,-,-
8234 新漢,-,-,-,-,-,-,-,-,-,-,-,-,-,-,-,-,-,-,-,-,-,-,-,-,-,-,-,-,-,-,-,-,-,-,-,-,-,-,-,-,-,-,-,-,-,-,-,-,AccountsReceivableTurnoverDay,-,-,-,-,-,-
2395 研華,-,-,-,-,-,-,-,-,-,-,-,-,-,-,-,-,-,-,-,-,-,-,-,-,-,-,-,-,-,-,-,-,-,-,-,-,-,-,-,-,-,-,-,-,-,-,-,-,AccountsReceivableTurnoverDay,-,-,-,-,-,-
6166 凌華,-,-,-,-,-,-,-,-,-,-,-,-,-,-,-,-,-,-,-,-,-,-,-,-,-,-,-,-,-,-,-,-,-,-,-,-,-,-,-,-,-,-,-,-,-,-,-,-,AccountsReceivableTurnoverDay,-,-,-,-,-,-
3088 艾訊,-,-,-,-,-,-,-,-,-,-,-,-,-,-,-,-,-,-,-,-,-,-,-,-,-,-,-,-,-,-,-,-,-,-,-,-,-,-,-,-,-,-,-,-,-,-,-,-,AccountsReceivableTurnoverDay,-,-,-,-,-,-
6579 研揚,-,-,-,-,-,-,-,-,-,-,-,-,-,-,-,-,-,-,-,-,-,-,-,-,-,-,-,-,-,-,-,-,-,-,-,-,-,-,-,-,-,-,-,-,-,-,-,-,AccountsReceivableTurnoverDay,-,-,-,-,-,-
公司平均數,0,0,0,0,0,0,0,0,0,0,0,0,0,0,0,0,0,0,0,0,0,0,0,0,0,0,0,0,0,0,0,0,0,0,0,0,0,0,0,0,0,0,0,0,0,0,0,0,AccountsReceivableTurnoverDay,0,0,0,0,0,0
電腦及週邊設備業,-,-,-,-,-,-,-,-,-,-,-,-,-,-,-,-,-,-,-,-,-,-,-,-,-,-,-,-,-,-,-,-,-,-,-,-,-,-,-,-,-,-,-,-,-,-,-,-,AccountsReceivableTurnoverDay,-,-,-,-,-,-
6680 鑫創電子,-,-,-,-,-,-,-,-,-,-,-,-,-,-,-,-,-,-,-,-,-,-,-,-,-,-,-,-,-,-,-,-,-,-,-,-,-,-,-,-,-,-,-,-,-,-,-,-,InventoryTurnover,-,-,-,-,-,-
8050 廣積,-,-,-,-,-,-,-,-,-,-,-,-,-,-,-,-,-,-,-,-,-,-,-,-,-,-,-,-,-,-,-,-,-,-,-,-,-,-,-,-,-,-,-,-,-,-,-,-,InventoryTurnover,-,-,-,-,-,-
6922 宸曜,-,-,-,-,-,-,-,-,-,-,-,-,-,-,-,-,-,-,-,-,-,-,-,-,-,-,-,-,-,-,-,-,-,-,-,-,-,-,-,-,-,-,-,-,-,-,-,-,InventoryTurnover,-,-,-,-,-,-
3594 磐儀,-,-,-,-,-,-,-,-,-,-,-,-,-,-,-,-,-,-,-,-,-,-,-,-,-,-,-,-,-,-,-,-,-,-,-,-,-,-,-,-,-,-,-,-,-,-,-,-,InventoryTurnover,-,-,-,-,-,-
2397 友通,-,-,-,-,-,-,-,-,-,-,-,-,-,-,-,-,-,-,-,-,-,-,-,-,-,-,-,-,-,-,-,-,-,-,-,-,-,-,-,-,-,-,-,-,-,-,-,-,InventoryTurnover,-,-,-,-,-,-
8234 新漢,-,-,-,-,-,-,-,-,-,-,-,-,-,-,-,-,-,-,-,-,-,-,-,-,-,-,-,-,-,-,-,-,-,-,-,-,-,-,-,-,-,-,-,-,-,-,-,-,InventoryTurnover,-,-,-,-,-,-
2395 研華,-,-,-,-,-,-,-,-,-,-,-,-,-,-,-,-,-,-,-,-,-,-,-,-,-,-,-,-,-,-,-,-,-,-,-,-,-,-,-,-,-,-,-,-,-,-,-,-,InventoryTurnover,-,-,-,-,-,-
6166 凌華,-,-,-,-,-,-,-,-,-,-,-,-,-,-,-,-,-,-,-,-,-,-,-,-,-,-,-,-,-,-,-,-,-,-,-,-,-,-,-,-,-,-,-,-,-,-,-,-,InventoryTurnover,-,-,-,-,-,-
3088 艾訊,-,-,-,-,-,-,-,-,-,-,-,-,-,-,-,-,-,-,-,-,-,-,-,-,-,-,-,-,-,-,-,-,-,-,-,-,-,-,-,-,-,-,-,-,-,-,-,-,InventoryTurnover,-,-,-,-,-,-
6579 研揚,-,-,-,-,-,-,-,-,-,-,-,-,-,-,-,-,-,-,-,-,-,-,-,-,-,-,-,-,-,-,-,-,-,-,-,-,-,-,-,-,-,-,-,-,-,-,-,-,InventoryTurnover,-,-,-,-,-,-
公司平均數,0,0,0,0,0,0,0,0,0,0,0,0,0,0,0,0,0,0,0,0,0,0,0,0,0,0,0,0,0,0,0,0,0,0,0,0,0,0,0,0,0,0,0,0,0,0,0,0,InventoryTurnover,0,0,0,0,0,0
電腦及週邊設備業,-,-,-,-,-,-,-,-,-,-,-,-,-,-,-,-,-,-,-,-,-,-,-,-,-,-,-,-,-,-,-,-,-,-,-,-,-,-,-,-,-,-,-,-,-,-,-,-,InventoryTurnover,-,-,-,-,-,-
6680 鑫創電子,-,-,-,-,-,-,-,-,-,-,-,-,-,-,-,-,-,-,-,-,-,-,-,-,-,-,-,-,-,-,-,-,-,-,-,-,-,-,-,-,-,-,-,-,-,-,-,-,InventoryTurnoverDay,-,-,-,-,-,-
8050 廣積,-,-,-,-,-,-,-,-,-,-,-,-,-,-,-,-,-,-,-,-,-,-,-,-,-,-,-,-,-,-,-,-,-,-,-,-,-,-,-,-,-,-,-,-,-,-,-,-,InventoryTurnoverDay,-,-,-,-,-,-
6922 宸曜,-,-,-,-,-,-,-,-,-,-,-,-,-,-,-,-,-,-,-,-,-,-,-,-,-,-,-,-,-,-,-,-,-,-,-,-,-,-,-,-,-,-,-,-,-,-,-,-,InventoryTurnoverDay,-,-,-,-,-,-
3594 磐儀,-,-,-,-,-,-,-,-,-,-,-,-,-,-,-,-,-,-,-,-,-,-,-,-,-,-,-,-,-,-,-,-,-,-,-,-,-,-,-,-,-,-,-,-,-,-,-,-,InventoryTurnoverDay,-,-,-,-,-,-
2397 友通,-,-,-,-,-,-,-,-,-,-,-,-,-,-,-,-,-,-,-,-,-,-,-,-,-,-,-,-,-,-,-,-,-,-,-,-,-,-,-,-,-,-,-,-,-,-,-,-,InventoryTurnoverDay,-,-,-,-,-,-
8234 新漢,-,-,-,-,-,-,-,-,-,-,-,-,-,-,-,-,-,-,-,-,-,-,-,-,-,-,-,-,-,-,-,-,-,-,-,-,-,-,-,-,-,-,-,-,-,-,-,-,InventoryTurnoverDay,-,-,-,-,-,-
2395 研華,-,-,-,-,-,-,-,-,-,-,-,-,-,-,-,-,-,-,-,-,-,-,-,-,-,-,-,-,-,-,-,-,-,-,-,-,-,-,-,-,-,-,-,-,-,-,-,-,InventoryTurnoverDay,-,-,-,-,-,-
6166 凌華,-,-,-,-,-,-,-,-,-,-,-,-,-,-,-,-,-,-,-,-,-,-,-,-,-,-,-,-,-,-,-,-,-,-,-,-,-,-,-,-,-,-,-,-,-,-,-,-,InventoryTurnoverDay,-,-,-,-,-,-
3088 艾訊,-,-,-,-,-,-,-,-,-,-,-,-,-,-,-,-,-,-,-,-,-,-,-,-,-,-,-,-,-,-,-,-,-,-,-,-,-,-,-,-,-,-,-,-,-,-,-,-,InventoryTurnoverDay,-,-,-,-,-,-
6579 研揚,-,-,-,-,-,-,-,-,-,-,-,-,-,-,-,-,-,-,-,-,-,-,-,-,-,-,-,-,-,-,-,-,-,-,-,-,-,-,-,-,-,-,-,-,-,-,-,-,InventoryTurnoverDay,-,-,-,-,-,-
公司平均數,0,0,0,0,0,0,0,0,0,0,0,0,0,0,0,0,0,0,0,0,0,0,0,0,0,0,0,0,0,0,0,0,0,0,0,0,0,0,0,0,0,0,0,0,0,0,0,0,InventoryTurnoverDay,0,0,0,0,0,0
電腦及週邊設備業,-,-,-,-,-,-,-,-,-,-,-,-,-,-,-,-,-,-,-,-,-,-,-,-,-,-,-,-,-,-,-,-,-,-,-,-,-,-,-,-,-,-,-,-,-,-,-,-,InventoryTurnoverDay,-,-,-,-,-,-
6680 鑫創電子,-,-,-,-,-,-,-,-,-,-,-,-,-,-,-,-,-,-,-,-,-,-,-,-,-,-,-,-,-,-,-,-,-,-,-,-,-,-,-,-,-,-,-,-,-,-,-,-,TotalAssetTurnover,-,-,-,-,-,-
8050 廣積,-,-,-,-,-,-,-,-,-,-,-,-,-,-,-,-,-,-,-,-,-,-,-,-,-,-,-,-,-,-,-,-,-,-,-,-,-,-,-,-,-,-,-,-,-,-,-,-,TotalAssetTurnover,-,-,-,-,-,-
6922 宸曜,-,-,-,-,-,-,-,-,-,-,-,-,-,-,-,-,-,-,-,-,-,-,-,-,-,-,-,-,-,-,-,-,-,-,-,-,-,-,-,-,-,-,-,-,-,-,-,-,TotalAssetTurnover,-,-,-,-,-,-
3594 磐儀,-,-,-,-,-,-,-,-,-,-,-,-,-,-,-,-,-,-,-,-,-,-,-,-,-,-,-,-,-,-,-,-,-,-,-,-,-,-,-,-,-,-,-,-,-,-,-,-,TotalAssetTurnover,-,-,-,-,-,-
2397 友通,-,-,-,-,-,-,-,-,-,-,-,-,-,-,-,-,-,-,-,-,-,-,-,-,-,-,-,-,-,-,-,-,-,-,-,-,-,-,-,-,-,-,-,-,-,-,-,-,TotalAssetTurnover,-,-,-,-,-,-
8234 新漢,-,-,-,-,-,-,-,-,-,-,-,-,-,-,-,-,-,-,-,-,-,-,-,-,-,-,-,-,-,-,-,-,-,-,-,-,-,-,-,-,-,-,-,-,-,-,-,-,TotalAssetTurnover,-,-,-,-,-,-
2395 研華,-,-,-,-,-,-,-,-,-,-,-,-,-,-,-,-,-,-,-,-,-,-,-,-,-,-,-,-,-,-,-,-,-,-,-,-,-,-,-,-,-,-,-,-,-,-,-,-,TotalAssetTurnover,-,-,-,-,-,-
6166 凌華,-,-,-,-,-,-,-,-,-,-,-,-,-,-,-,-,-,-,-,-,-,-,-,-,-,-,-,-,-,-,-,-,-,-,-,-,-,-,-,-,-,-,-,-,-,-,-,-,TotalAssetTurnover,-,-,-,-,-,-
3088 艾訊,-,-,-,-,-,-,-,-,-,-,-,-,-,-,-,-,-,-,-,-,-,-,-,-,-,-,-,-,-,-,-,-,-,-,-,-,-,-,-,-,-,-,-,-,-,-,-,-,TotalAssetTurnover,-,-,-,-,-,-
6579 研揚,-,-,-,-,-,-,-,-,-,-,-,-,-,-,-,-,-,-,-,-,-,-,-,-,-,-,-,-,-,-,-,-,-,-,-,-,-,-,-,-,-,-,-,-,-,-,-,-,TotalAssetTurnover,-,-,-,-,-,-
公司平均數,0,0,0,0,0,0,0,0,0,0,0,0,0,0,0,0,0,0,0,0,0,0,0,0,0,0,0,0,0,0,0,0,0,0,0,0,0,0,0,0,0,0,0,0,0,0,0,0,TotalAssetTurnover,0,0,0,0,0,0
電腦及週邊設備業,-,-,-,-,-,-,-,-,-,-,-,-,-,-,-,-,-,-,-,-,-,-,-,-,-,-,-,-,-,-,-,-,-,-,-,-,-,-,-,-,-,-,-,-,-,-,-,-,TotalAssetTurnover,-,-,-,-,-,-
6680 鑫創電子,-,-,-,-,-,-,-,-,-,-,-,-,-,-,-,-,-,-,-,-,-,-,-,-,-,-,-,-,-,-,-,-,-,-,-,-,-,-,-,-,-,-,-,-,-,-,-,-,GrossMargin,-,-,-,-,-,-
8050 廣積,-,-,-,-,-,-,-,-,-,-,-,-,-,-,-,-,-,-,-,-,-,-,-,-,-,-,-,-,-,-,-,-,-,-,-,-,-,-,-,-,-,-,-,-,-,-,-,-,GrossMargin,-,-,-,-,-,-
6922 宸曜,-,-,-,-,-,-,-,-,-,-,-,-,-,-,-,-,-,-,-,-,-,-,-,-,-,-,-,-,-,-,-,-,-,-,-,-,-,-,-,-,-,-,-,-,-,-,-,-,GrossMargin,-,-,-,-,-,-
3594 磐儀,-,-,-,-,-,-,-,-,-,-,-,-,-,-,-,-,-,-,-,-,-,-,-,-,-,-,-,-,-,-,-,-,-,-,-,-,-,-,-,-,-,-,-,-,-,-,-,-,GrossMargin,-,-,-,-,-,-
2397 友通,-,-,-,-,-,-,-,-,-,-,-,-,-,-,-,-,-,-,-,-,-,-,-,-,-,-,-,-,-,-,-,-,-,-,-,-,-,-,-,-,-,-,-,-,-,-,-,-,GrossMargin,-,-,-,-,-,-
8234 新漢,-,-,-,-,-,-,-,-,-,-,-,-,-,-,-,-,-,-,-,-,-,-,-,-,-,-,-,-,-,-,-,-,-,-,-,-,-,-,-,-,-,-,-,-,-,-,-,-,GrossMargin,-,-,-,-,-,-
2395 研華,-,-,-,-,-,-,-,-,-,-,-,-,-,-,-,-,-,-,-,-,-,-,-,-,-,-,-,-,-,-,-,-,-,-,-,-,-,-,-,-,-,-,-,-,-,-,-,-,GrossMargin,-,-,-,-,-,-
6166 凌華,-,-,-,-,-,-,-,-,-,-,-,-,-,-,-,-,-,-,-,-,-,-,-,-,-,-,-,-,-,-,-,-,-,-,-,-,-,-,-,-,-,-,-,-,-,-,-,-,GrossMargin,-,-,-,-,-,-
3088 艾訊,-,-,-,-,-,-,-,-,-,-,-,-,-,-,-,-,-,-,-,-,-,-,-,-,-,-,-,-,-,-,-,-,-,-,-,-,-,-,-,-,-,-,-,-,-,-,-,-,GrossMargin,-,-,-,-,-,-
6579 研揚,-,-,-,-,-,-,-,-,-,-,-,-,-,-,-,-,-,-,-,-,-,-,-,-,-,-,-,-,-,-,-,-,-,-,-,-,-,-,-,-,-,-,-,-,-,-,-,-,GrossMargin,-,-,-,-,-,-
公司平均數,0.00,0.00,0.00,0.00,0.00,0.00,0.00,0.00,0.00,0.00,0.00,0.00,0.00,0.00,0.00,0.00,0.00,0.00,0.00,0.00,0.00,0.00,0.00,0.00,0.00,0.00,0.00,0.00,0.00,0.00,0.00,0.00,0.00,0.00,0.00,0.00,0.00,0.00,0.00,0.00,0.00,0.00,0.00,0.00,0.00,0.00,0.00,0.00,GrossMargin,0.00,0.00,0.00,0.00,0.00,0.00
電腦及週邊設備業,-,-,-,-,-,-,-,-,-,-,-,-,-,-,-,-,-,-,-,-,-,-,-,-,-,-,-,-,-,-,-,-,-,-,-,-,-,-,-,-,-,-,-,-,-,-,-,-,GrossMargin,-,-,-,-,-,-
6680 鑫創電子,-,-,-,-,-,-,-,-,-,-,-,-,-,-,-,-,-,-,-,-,-,-,-,-,-,-,-,-,-,-,-,-,-,-,-,-,-,-,-,-,-,-,-,-,-,-,-,-,OperatingMargin,-,-,-,-,-,-
8050 廣積,-,-,-,-,-,-,-,-,-,-,-,-,-,-,-,-,-,-,-,-,-,-,-,-,-,-,-,-,-,-,-,-,-,-,-,-,-,-,-,-,-,-,-,-,-,-,-,-,OperatingMargin,-,-,-,-,-,-
6922 宸曜,-,-,-,-,-,-,-,-,-,-,-,-,-,-,-,-,-,-,-,-,-,-,-,-,-,-,-,-,-,-,-,-,-,-,-,-,-,-,-,-,-,-,-,-,-,-,-,-,OperatingMargin,-,-,-,-,-,-
3594 磐儀,-,-,-,-,-,-,-,-,-,-,-,-,-,-,-,-,-,-,-,-,-,-,-,-,-,-,-,-,-,-,-,-,-,-,-,-,-,-,-,-,-,-,-,-,-,-,-,-,OperatingMargin,-,-,-,-,-,-
2397 友通,-,-,-,-,-,-,-,-,-,-,-,-,-,-,-,-,-,-,-,-,-,-,-,-,-,-,-,-,-,-,-,-,-,-,-,-,-,-,-,-,-,-,-,-,-,-,-,-,OperatingMargin,-,-,-,-,-,-
8234 新漢,-,-,-,-,-,-,-,-,-,-,-,-,-,-,-,-,-,-,-,-,-,-,-,-,-,-,-,-,-,-,-,-,-,-,-,-,-,-,-,-,-,-,-,-,-,-,-,-,OperatingMargin,-,-,-,-,-,-
2395 研華,-,-,-,-,-,-,-,-,-,-,-,-,-,-,-,-,-,-,-,-,-,-,-,-,-,-,-,-,-,-,-,-,-,-,-,-,-,-,-,-,-,-,-,-,-,-,-,-,OperatingMargin,-,-,-,-,-,-
6166 凌華,-,-,-,-,-,-,-,-,-,-,-,-,-,-,-,-,-,-,-,-,-,-,-,-,-,-,-,-,-,-,-,-,-,-,-,-,-,-,-,-,-,-,-,-,-,-,-,-,OperatingMargin,-,-,-,-,-,-
3088 艾訊,-,-,-,-,-,-,-,-,-,-,-,-,-,-,-,-,-,-,-,-,-,-,-,-,-,-,-,-,-,-,-,-,-,-,-,-,-,-,-,-,-,-,-,-,-,-,-,-,OperatingMargin,-,-,-,-,-,-
6579 研揚,-,-,-,-,-,-,-,-,-,-,-,-,-,-,-,-,-,-,-,-,-,-,-,-,-,-,-,-,-,-,-,-,-,-,-,-,-,-,-,-,-,-,-,-,-,-,-,-,OperatingMargin,-,-,-,-,-,-
公司平均數,0.00,0.00,0.00,0.00,0.00,0.00,0.00,0.00,0.00,0.00,0.00,0.00,0.00,0.00,0.00,0.00,0.00,0.00,0.00,0.00,0.00,0.00,0.00,0.00,0.00,0.00,0.00,0.00,0.00,0.00,0.00,0.00,0.00,0.00,0.00,0.00,0.00,0.00,0.00,0.00,0.00,0.00,0.00,0.00,0.00,0.00,0.00,0.00,OperatingMargin,0.00,0.00,0.00,0.00,0.00,0.00
電腦及週邊設備業,-,-,-,-,-,-,-,-,-,-,-,-,-,-,-,-,-,-,-,-,-,-,-,-,-,-,-,-,-,-,-,-,-,-,-,-,-,-,-,-,-,-,-,-,-,-,-,-,OperatingMargin,-,-,-,-,-,-
6680 鑫創電子,-,-,-,-,-,-,-,-,-,-,-,-,-,-,-,-,-,-,-,-,-,-,-,-,-,-,-,-,-,-,-,-,-,-,-,-,-,-,-,-,-,-,-,-,-,-,-,-,NetIncomeMargin,-,-,-,-,-,-
8050 廣積,-,-,-,-,-,-,-,-,-,-,-,-,-,-,-,-,-,-,-,-,-,-,-,-,-,-,-,-,-,-,-,-,-,-,-,-,-,-,-,-,-,-,-,-,-,-,-,-,NetIncomeMargin,-,-,-,-,-,-
6922 宸曜,-,-,-,-,-,-,-,-,-,-,-,-,-,-,-,-,-,-,-,-,-,-,-,-,-,-,-,-,-,-,-,-,-,-,-,-,-,-,-,-,-,-,-,-,-,-,-,-,NetIncomeMargin,-,-,-,-,-,-
3594 磐儀,-,-,-,-,-,-,-,-,-,-,-,-,-,-,-,-,-,-,-,-,-,-,-,-,-,-,-,-,-,-,-,-,-,-,-,-,-,-,-,-,-,-,-,-,-,-,-,-,NetIncomeMargin,-,-,-,-,-,-
2397 友通,-,-,-,-,-,-,-,-,-,-,-,-,-,-,-,-,-,-,-,-,-,-,-,-,-,-,-,-,-,-,-,-,-,-,-,-,-,-,-,-,-,-,-,-,-,-,-,-,NetIncomeMargin,-,-,-,-,-,-
8234 新漢,-,-,-,-,-,-,-,-,-,-,-,-,-,-,-,-,-,-,-,-,-,-,-,-,-,-,-,-,-,-,-,-,-,-,-,-,-,-,-,-,-,-,-,-,-,-,-,-,NetIncomeMargin,-,-,-,-,-,-
2395 研華,-,-,-,-,-,-,-,-,-,-,-,-,-,-,-,-,-,-,-,-,-,-,-,-,-,-,-,-,-,-,-,-,-,-,-,-,-,-,-,-,-,-,-,-,-,-,-,-,NetIncomeMargin,-,-,-,-,-,-
6166 凌華,-,-,-,-,-,-,-,-,-,-,-,-,-,-,-,-,-,-,-,-,-,-,-,-,-,-,-,-,-,-,-,-,-,-,-,-,-,-,-,-,-,-,-,-,-,-,-,-,NetIncomeMargin,-,-,-,-,-,-
3088 艾訊,-,-,-,-,-,-,-,-,-,-,-,-,-,-,-,-,-,-,-,-,-,-,-,-,-,-,-,-,-,-,-,-,-,-,-,-,-,-,-,-,-,-,-,-,-,-,-,-,NetIncomeMargin,-,-,-,-,-,-
6579 研揚,-,-,-,-,-,-,-,-,-,-,-,-,-,-,-,-,-,-,-,-,-,-,-,-,-,-,-,-,-,-,-,-,-,-,-,-,-,-,-,-,-,-,-,-,-,-,-,-,NetIncomeMargin,-,-,-,-,-,-
公司平均數,0.00,0.00,0.00,0.00,0.00,0.00,0.00,0.00,0.00,0.00,0.00,0.00,0.00,0.00,0.00,0.00,0.00,0.00,0.00,0.00,0.00,0.00,0.00,0.00,0.00,0.00,0.00,0.00,0.00,0.00,0.00,0.00,0.00,0.00,0.00,0.00,0.00,0.00,0.00,0.00,0.00,0.00,0.00,0.00,0.00,0.00,0.00,0.00,NetIncomeMargin,0.00,0.00,0.00,0.00,0.00,0.00
電腦及週邊設備業,-,-,-,-,-,-,-,-,-,-,-,-,-,-,-,-,-,-,-,-,-,-,-,-,-,-,-,-,-,-,-,-,-,-,-,-,-,-,-,-,-,-,-,-,-,-,-,-,NetIncomeMargin,-,-,-,-,-,-
6680 鑫創電子,-,-,-,-,-,-,-,-,-,-,-,-,-,-,-,-,-,-,-,-,-,-,-,-,-,-,-,-,-,-,-,-,-,-,-,-,-,-,-,-,-,-,-,-,-,-,-,-,ROA,-,-,-,-,-,-
8050 廣積,-,-,-,-,-,-,-,-,-,-,-,-,-,-,-,-,-,-,-,-,-,-,-,-,-,-,-,-,-,-,-,-,-,-,-,-,-,-,-,-,-,-,-,-,-,-,-,-,ROA,-,-,-,-,-,-
6922 宸曜,-,-,-,-,-,-,-,-,-,-,-,-,-,-,-,-,-,-,-,-,-,-,-,-,-,-,-,-,-,-,-,-,-,-,-,-,-,-,-,-,-,-,-,-,-,-,-,-,ROA,-,-,-,-,-,-
3594 磐儀,-,-,-,-,-,-,-,-,-,-,-,-,-,-,-,-,-,-,-,-,-,-,-,-,-,-,-,-,-,-,-,-,-,-,-,-,-,-,-,-,-,-,-,-,-,-,-,-,ROA,-,-,-,-,-,-
2397 友通,-,-,-,-,-,-,-,-,-,-,-,-,-,-,-,-,-,-,-,-,-,-,-,-,-,-,-,-,-,-,-,-,-,-,-,-,-,-,-,-,-,-,-,-,-,-,-,-,ROA,-,-,-,-,-,-
8234 新漢,-,-,-,-,-,-,-,-,-,-,-,-,-,-,-,-,-,-,-,-,-,-,-,-,-,-,-,-,-,-,-,-,-,-,-,-,-,-,-,-,-,-,-,-,-,-,-,-,ROA,-,-,-,-,-,-
2395 研華,-,-,-,-,-,-,-,-,-,-,-,-,-,-,-,-,-,-,-,-,-,-,-,-,-,-,-,-,-,-,-,-,-,-,-,-,-,-,-,-,-,-,-,-,-,-,-,-,ROA,-,-,-,-,-,-
6166 凌華,-,-,-,-,-,-,-,-,-,-,-,-,-,-,-,-,-,-,-,-,-,-,-,-,-,-,-,-,-,-,-,-,-,-,-,-,-,-,-,-,-,-,-,-,-,-,-,-,ROA,-,-,-,-,-,-
3088 艾訊,-,-,-,-,-,-,-,-,-,-,-,-,-,-,-,-,-,-,-,-,-,-,-,-,-,-,-,-,-,-,-,-,-,-,-,-,-,-,-,-,-,-,-,-,-,-,-,-,ROA,-,-,-,-,-,-
6579 研揚,-,-,-,-,-,-,-,-,-,-,-,-,-,-,-,-,-,-,-,-,-,-,-,-,-,-,-,-,-,-,-,-,-,-,-,-,-,-,-,-,-,-,-,-,-,-,-,-,ROA,-,-,-,-,-,-
公司平均數,0.00,0.00,0.00,0.00,0.00,0.00,0.00,0.00,0.00,0.00,0.00,0.00,0.00,0.00,0.00,0.00,0.00,0.00,0.00,0.00,0.00,0.00,0.00,0.00,0.00,0.00,0.00,0.00,0.00,0.00,0.00,0.00,0.00,0.00,0.00,0.00,0.00,0.00,0.00,0.00,0.00,0.00,0.00,0.00,0.00,0.00,0.00,0.00,ROA,0.00,0.00,0.00,0.00,0.00,0.00
電腦及週邊設備業,-,-,-,-,-,-,-,-,-,-,-,-,-,-,-,-,-,-,-,-,-,-,-,-,-,-,-,-,-,-,-,-,-,-,-,-,-,-,-,-,-,-,-,-,-,-,-,-,ROA,-,-,-,-,-,-
6680 鑫創電子,-,-,-,-,-,-,-,-,-,-,-,-,-,-,-,-,-,-,-,-,-,-,-,-,-,-,-,-,-,-,-,-,-,-,-,-,-,-,-,-,-,-,-,-,-,-,-,-,ROE,-,-,-,-,-,-
8050 廣積,-,-,-,-,-,-,-,-,-,-,-,-,-,-,-,-,-,-,-,-,-,-,-,-,-,-,-,-,-,-,-,-,-,-,-,-,-,-,-,-,-,-,-,-,-,-,-,-,ROE,-,-,-,-,-,-
6922 宸曜,-,-,-,-,-,-,-,-,-,-,-,-,-,-,-,-,-,-,-,-,-,-,-,-,-,-,-,-,-,-,-,-,-,-,-,-,-,-,-,-,-,-,-,-,-,-,-,-,ROE,-,-,-,-,-,-
3594 磐儀,-,-,-,-,-,-,-,-,-,-,-,-,-,-,-,-,-,-,-,-,-,-,-,-,-,-,-,-,-,-,-,-,-,-,-,-,-,-,-,-,-,-,-,-,-,-,-,-,ROE,-,-,-,-,-,-
2397 友通,-,-,-,-,-,-,-,-,-,-,-,-,-,-,-,-,-,-,-,-,-,-,-,-,-,-,-,-,-,-,-,-,-,-,-,-,-,-,-,-,-,-,-,-,-,-,-,-,ROE,-,-,-,-,-,-
8234 新漢,-,-,-,-,-,-,-,-,-,-,-,-,-,-,-,-,-,-,-,-,-,-,-,-,-,-,-,-,-,-,-,-,-,-,-,-,-,-,-,-,-,-,-,-,-,-,-,-,ROE,-,-,-,-,-,-
2395 研華,-,-,-,-,-,-,-,-,-,-,-,-,-,-,-,-,-,-,-,-,-,-,-,-,-,-,-,-,-,-,-,-,-,-,-,-,-,-,-,-,-,-,-,-,-,-,-,-,ROE,-,-,-,-,-,-
6166 凌華,-,-,-,-,-,-,-,-,-,-,-,-,-,-,-,-,-,-,-,-,-,-,-,-,-,-,-,-,-,-,-,-,-,-,-,-,-,-,-,-,-,-,-,-,-,-,-,-,ROE,-,-,-,-,-,-
3088 艾訊,-,-,-,-,-,-,-,-,-,-,-,-,-,-,-,-,-,-,-,-,-,-,-,-,-,-,-,-,-,-,-,-,-,-,-,-,-,-,-,-,-,-,-,-,-,-,-,-,ROE,-,-,-,-,-,-
6579 研揚,-,-,-,-,-,-,-,-,-,-,-,-,-,-,-,-,-,-,-,-,-,-,-,-,-,-,-,-,-,-,-,-,-,-,-,-,-,-,-,-,-,-,-,-,-,-,-,-,ROE,-,-,-,-,-,-
公司平均數,0.00,0.00,0.00,0.00,0.00,0.00,0.00,0.00,0.00,0.00,0.00,0.00,0.00,0.00,0.00,0.00,0.00,0.00,0.00,0.00,0.00,0.00,0.00,0.00,0.00,0.00,0.00,0.00,0.00,0.00,0.00,0.00,0.00,0.00,0.00,0.00,0.00,0.00,0.00,0.00,0.00,0.00,0.00,0.00,0.00,0.00,0.00,0.00,ROE,0.00,0.00,0.00,0.00,0.00,0.00
電腦及週邊設備業,-,-,-,-,-,-,-,-,-,-,-,-,-,-,-,-,-,-,-,-,-,-,-,-,-,-,-,-,-,-,-,-,-,-,-,-,-,-,-,-,-,-,-,-,-,-,-,-,ROE,-,-,-,-,-,-
6680 鑫創電子,-,-,-,-,-,-,-,-,-,-,-,-,-,-,-,-,-,-,-,-,-,-,-,-,-,-,-,,,,,-,-,-,-,-,-,-,-,-,-,-,-,-,-,-,-,-,RevenueYOY,-,-,-,-,-,-
8050 廣積,-,-,-,-,-,-,-,-,-,-,-,-,-,-,-,-,-,-,-,-,-,-,-,-,-,-,-,,,,,-,-,-,-,-,-,-,-,-,-,-,-,-,-,-,-,-,RevenueYOY,-,-,-,-,-,-
6922 宸曜,-,-,-,-,-,-,-,-,-,-,-,-,-,-,-,-,-,-,-,-,-,-,-,-,-,-,-,,,,,-,-,-,-,-,-,-,-,-,-,-,-,-,-,-,-,-,RevenueYOY,-,-,-,-,-,-
3594 磐儀,-,-,-,-,-,-,-,-,-,-,-,-,-,-,-,-,-,-,-,-,-,-,-,-,-,-,-,,,,,-,-,-,-,-,-,-,-,-,-,-,-,-,-,-,-,-,RevenueYOY,-,-,-,-,-,-
2397 友通,-,-,-,-,-,-,-,-,-,-,-,-,-,-,-,-,-,-,-,-,-,-,-,-,-,-,-,,,,,-,-,-,-,-,-,-,-,-,-,-,-,-,-,-,-,-,RevenueYOY,-,-,-,-,-,-
8234 新漢,-,-,-,-,-,-,-,-,-,-,-,-,-,-,-,-,-,-,-,-,-,-,-,-,-,-,-,,,,,-,-,-,-,-,-,-,-,-,-,-,-,-,-,-,-,-,RevenueYOY,-,-,-,-,-,-
2395 研華,-,-,-,-,-,-,-,-,-,-,-,-,-,-,-,-,-,-,-,-,-,-,-,-,-,-,-,,,,,-,-,-,-,-,-,-,-,-,-,-,-,-,-,-,-,-,RevenueYOY,-,-,-,-,-,-
6166 凌華,-,-,-,-,-,-,-,-,-,-,-,-,-,-,-,-,-,-,-,-,-,-,-,-,-,-,-,,,,,-,-,-,-,-,-,-,-,-,-,-,-,-,-,-,-,-,RevenueYOY,-,-,-,-,-,-
3088 艾訊,-,-,-,-,-,-,-,-,-,-,-,-,-,-,-,-,-,-,-,-,-,-,-,-,-,-,-,,,,,-,-,-,-,-,-,-,-,-,-,-,-,-,-,-,-,-,RevenueYOY,-,-,-,-,-,-
6579 研揚,-,-,-,-,-,-,-,-,-,-,-,-,-,-,-,-,-,-,-,-,-,-,-,-,-,-,-,,,,,-,-,-,-,-,-,-,-,-,-,-,-,-,-,-,-,-,RevenueYOY,-,-,-,-,-,-
公司平均數,0.00,0.00,0.00,0.00,0.00,0.00,0.00,0.00,0.00,0.00,0.00,0.00,0.00,0.00,0.00,0.00,0.00,0.00,0.00,0.00,0.00,0.00,0.00,0.00,0.00,0.00,0.00,,,,,0.00,0.00,0.00,0.00,0.00,0.00,0.00,0.00,0.00,0.00,0.00,0.00,0.00,0.00,0.00,0.00,0.00,RevenueYOY,0.00,0.00,0.00,0.00,0.00,0.00
電腦及週邊設備業,-,-,-,-,-,-,-,-,-,-,-,-,-,-,-,-,-,-,-,-,-,-,-,-,-,-,-,,,,,-,-,-,-,-,-,-,-,-,-,-,-,-,-,-,-,-,RevenueYOY,-,-,-,-,-,-
6680 鑫創電子,-,-,-,-,-,-,-,-,-,-,-,-,-,-,-,-,-,-,-,-,-,-,-,-,-,-,-,,,,,-,-,-,-,-,-,-,-,-,-,-,-,-,-,-,-,-,GrossProfitYOY,-,-,-,-,-,-
8050 廣積,-,-,-,-,-,-,-,-,-,-,-,-,-,-,-,-,-,-,-,-,-,-,-,-,-,-,-,,,,,-,-,-,-,-,-,-,-,-,-,-,-,-,-,-,-,-,GrossProfitYOY,-,-,-,-,-,-
6922 宸曜,-,-,-,-,-,-,-,-,-,-,-,-,-,-,-,-,-,-,-,-,-,-,-,-,-,-,-,,,,,-,-,-,-,-,-,-,-,-,-,-,-,-,-,-,-,-,GrossProfitYOY,-,-,-,-,-,-
3594 磐儀,-,-,-,-,-,-,-,-,-,-,-,-,-,-,-,-,-,-,-,-,-,-,-,-,-,-,-,,,,,-,-,-,-,-,-,-,-,-,-,-,-,-,-,-,-,-,GrossProfitYOY,-,-,-,-,-,-
2397 友通,-,-,-,-,-,-,-,-,-,-,-,-,-,-,-,-,-,-,-,-,-,-,-,-,-,-,-,,,,,-,-,-,-,-,-,-,-,-,-,-,-,-,-,-,-,-,GrossProfitYOY,-,-,-,-,-,-
8234 新漢,-,-,-,-,-,-,-,-,-,-,-,-,-,-,-,-,-,-,-,-,-,-,-,-,-,-,-,,,,,-,-,-,-,-,-,-,-,-,-,-,-,-,-,-,-,-,GrossProfitYOY,-,-,-,-,-,-
2395 研華,-,-,-,-,-,-,-,-,-,-,-,-,-,-,-,-,-,-,-,-,-,-,-,-,-,-,-,,,,,-,-,-,-,-,-,-,-,-,-,-,-,-,-,-,-,-,GrossProfitYOY,-,-,-,-,-,-
6166 凌華,-,-,-,-,-,-,-,-,-,-,-,-,-,-,-,-,-,-,-,-,-,-,-,-,-,-,-,,,,,-,-,-,-,-,-,-,-,-,-,-,-,-,-,-,-,-,GrossProfitYOY,-,-,-,-,-,-
3088 艾訊,-,-,-,-,-,-,-,-,-,-,-,-,-,-,-,-,-,-,-,-,-,-,-,-,-,-,-,,,,,-,-,-,-,-,-,-,-,-,-,-,-,-,-,-,-,-,GrossProfitYOY,-,-,-,-,-,-
6579 研揚,-,-,-,-,-,-,-,-,-,-,-,-,-,-,-,-,-,-,-,-,-,-,-,-,-,-,-,,,,,-,-,-,-,-,-,-,-,-,-,-,-,-,-,-,-,-,GrossProfitYOY,-,-,-,-,-,-
公司平均數,0.00,0.00,0.00,0.00,0.00,0.00,0.00,0.00,0.00,0.00,0.00,0.00,0.00,0.00,0.00,0.00,0.00,0.00,0.00,0.00,0.00,0.00,0.00,0.00,0.00,0.00,0.00,,,,,0.00,0.00,0.00,0.00,0.00,0.00,0.00,0.00,0.00,0.00,0.00,0.00,0.00,0.00,0.00,0.00,0.00,GrossProfitYOY,0.00,0.00,0.00,0.00,0.00,0.00
電腦及週邊設備業,-,-,-,-,-,-,-,-,-,-,-,-,-,-,-,-,-,-,-,-,-,-,-,-,-,-,-,,,,,-,-,-,-,-,-,-,-,-,-,-,-,-,-,-,-,-,GrossProfitYOY,-,-,-,-,-,-
6680 鑫創電子,-,-,-,-,-,-,-,-,-,-,-,-,-,-,-,-,-,-,-,-,-,-,-,-,-,-,-,,,,,-,-,-,-,-,-,-,-,-,-,-,-,-,-,-,-,-,OperatingIncomeYOY,-,-,-,-,-,-
8050 廣積,-,-,-,-,-,-,-,-,-,-,-,-,-,-,-,-,-,-,-,-,-,-,-,-,-,-,-,,,,,-,-,-,-,-,-,-,-,-,-,-,-,-,-,-,-,-,OperatingIncomeYOY,-,-,-,-,-,-
6922 宸曜,-,-,-,-,-,-,-,-,-,-,-,-,-,-,-,-,-,-,-,-,-,-,-,-,-,-,-,,,,,-,-,-,-,-,-,-,-,-,-,-,-,-,-,-,-,-,OperatingIncomeYOY,-,-,-,-,-,-
3594 磐儀,-,-,-,-,-,-,-,-,-,-,-,-,-,-,-,-,-,-,-,-,-,-,-,-,-,-,-,,,,,-,-,-,-,-,-,-,-,-,-,-,-,-,-,-,-,-,OperatingIncomeYOY,-,-,-,-,-,-
2397 友通,-,-,-,-,-,-,-,-,-,-,-,-,-,-,-,-,-,-,-,-,-,-,-,-,-,-,-,,,,,-,-,-,-,-,-,-,-,-,-,-,-,-,-,-,-,-,OperatingIncomeYOY,-,-,-,-,-,-
8234 新漢,-,-,-,-,-,-,-,-,-,-,-,-,-,-,-,-,-,-,-,-,-,-,-,-,-,-,-,,,,,-,-,-,-,-,-,-,-,-,-,-,-,-,-,-,-,-,OperatingIncomeYOY,-,-,-,-,-,-
2395 研華,-,-,-,-,-,-,-,-,-,-,-,-,-,-,-,-,-,-,-,-,-,-,-,-,-,-,-,,,,,-,-,-,-,-,-,-,-,-,-,-,-,-,-,-,-,-,OperatingIncomeYOY,-,-,-,-,-,-
6166 凌華,-,-,-,-,-,-,-,-,-,-,-,-,-,-,-,-,-,-,-,-,-,-,-,-,-,-,-,,,,,-,-,-,-,-,-,-,-,-,-,-,-,-,-,-,-,-,OperatingIncomeYOY,-,-,-,-,-,-
3088 艾訊,-,-,-,-,-,-,-,-,-,-,-,-,-,-,-,-,-,-,-,-,-,-,-,-,-,-,-,,,,,-,-,-,-,-,-,-,-,-,-,-,-,-,-,-,-,-,OperatingIncomeYOY,-,-,-,-,-,-
6579 研揚,-,-,-,-,-,-,-,-,-,-,-,-,-,-,-,-,-,-,-,-,-,-,-,-,-,-,-,,,,,-,-,-,-,-,-,-,-,-,-,-,-,-,-,-,-,-,OperatingIncomeYOY,-,-,-,-,-,-
公司平均數,0.00,0.00,0.00,0.00,0.00,0.00,0.00,0.00,0.00,0.00,0.00,0.00,0.00,0.00,0.00,0.00,0.00,0.00,0.00,0.00,0.00,0.00,0.00,0.00,0.00,0.00,0.00,,,,,0.00,0.00,0.00,0.00,0.00,0.00,0.00,0.00,0.00,0.00,0.00,0.00,0.00,0.00,0.00,0.00,0.00,OperatingIncomeYOY,0.00,0.00,0.00,0.00,0.00,0.00
電腦及週邊設備業,-,-,-,-,-,-,-,-,-,-,-,-,-,-,-,-,-,-,-,-,-,-,-,-,-,-,-,,,,,-,-,-,-,-,-,-,-,-,-,-,-,-,-,-,-,-,OperatingIncomeYOY,-,-,-,-,-,-
6680 鑫創電子,-,-,-,-,-,-,-,-,-,-,-,-,-,-,-,-,-,-,-,-,-,-,-,-,-,-,-,,,,,-,-,-,-,-,-,-,-,-,-,-,-,-,-,-,-,-,NetProfitYOY,-,-,-,-,-,-
8050 廣積,-,-,-,-,-,-,-,-,-,-,-,-,-,-,-,-,-,-,-,-,-,-,-,-,-,-,-,,,,,-,-,-,-,-,-,-,-,-,-,-,-,-,-,-,-,-,NetProfitYOY,-,-,-,-,-,-
6922 宸曜,-,-,-,-,-,-,-,-,-,-,-,-,-,-,-,-,-,-,-,-,-,-,-,-,-,-,-,,,,,-,-,-,-,-,-,-,-,-,-,-,-,-,-,-,-,-,NetProfitYOY,-,-,-,-,-,-
3594 磐儀,-,-,-,-,-,-,-,-,-,-,-,-,-,-,-,-,-,-,-,-,-,-,-,-,-,-,-,,,,,-,-,-,-,-,-,-,-,-,-,-,-,-,-,-,-,-,NetProfitYOY,-,-,-,-,-,-
2397 友通,-,-,-,-,-,-,-,-,-,-,-,-,-,-,-,-,-,-,-,-,-,-,-,-,-,-,-,,,,,-,-,-,-,-,-,-,-,-,-,-,-,-,-,-,-,-,NetProfitYOY,-,-,-,-,-,-
8234 新漢,-,-,-,-,-,-,-,-,-,-,-,-,-,-,-,-,-,-,-,-,-,-,-,-,-,-,-,,,,,-,-,-,-,-,-,-,-,-,-,-,-,-,-,-,-,-,NetProfitYOY,-,-,-,-,-,-
2395 研華,-,-,-,-,-,-,-,-,-,-,-,-,-,-,-,-,-,-,-,-,-,-,-,-,-,-,-,,,,,-,-,-,-,-,-,-,-,-,-,-,-,-,-,-,-,-,NetProfitYOY,-,-,-,-,-,-
6166 凌華,-,-,-,-,-,-,-,-,-,-,-,-,-,-,-,-,-,-,-,-,-,-,-,-,-,-,-,,,,,-,-,-,-,-,-,-,-,-,-,-,-,-,-,-,-,-,NetProfitYOY,-,-,-,-,-,-
3088 艾訊,-,-,-,-,-,-,-,-,-,-,-,-,-,-,-,-,-,-,-,-,-,-,-,-,-,-,-,,,,,-,-,-,-,-,-,-,-,-,-,-,-,-,-,-,-,-,NetProfitYOY,-,-,-,-,-,-
6579 研揚,-,-,-,-,-,-,-,-,-,-,-,-,-,-,-,-,-,-,-,-,-,-,-,-,-,-,-,,,,,-,-,-,-,-,-,-,-,-,-,-,-,-,-,-,-,-,NetProfitYOY,-,-,-,-,-,-
公司平均數,0.00,0.00,0.00,0.00,0.00,0.00,0.00,0.00,0.00,0.00,0.00,0.00,0.00,0.00,0.00,0.00,0.00,0.00,0.00,0.00,0.00,0.00,0.00,0.00,0.00,0.00,0.00,,,,,0.00,0.00,0.00,0.00,0.00,0.00,0.00,0.00,0.00,0.00,0.00,0.00,0.00,0.00,0.00,0.00,0.00,NetProfitYOY,0.00,0.00,0.00,0.00,0.00,0.00
電腦及週邊設備業,-,-,-,-,-,-,-,-,-,-,-,-,-,-,-,-,-,-,-,-,-,-,-,-,-,-,-,,,,,-,-,-,-,-,-,-,-,-,-,-,-,-,-,-,-,-,NetProfitYOY,-,-,-,-,-,-
6680 鑫創電子,-,-,-,-,-,-,-,-,-,-,-,-,-,-,-,-,-,-,-,-,-,-,-,-,-,-,-,,,,,-,-,-,-,-,-,-,-,-,-,-,-,-,-,-,-,-,EPSYOY,-,-,-,-,-,-
8050 廣積,-,-,-,-,-,-,-,-,-,-,-,-,-,-,-,-,-,-,-,-,-,-,-,-,-,-,-,,,,,-,-,-,-,-,-,-,-,-,-,-,-,-,-,-,-,-,EPSYOY,-,-,-,-,-,-
6922 宸曜,-,-,-,-,-,-,-,-,-,-,-,-,-,-,-,-,-,-,-,-,-,-,-,-,-,-,-,,,,,-,-,-,-,-,-,-,-,-,-,-,-,-,-,-,-,-,EPSYOY,-,-,-,-,-,-
3594 磐儀,-,-,-,-,-,-,-,-,-,-,-,-,-,-,-,-,-,-,-,-,-,-,-,-,-,-,-,,,,,-,-,-,-,-,-,-,-,-,-,-,-,-,-,-,-,-,EPSYOY,-,-,-,-,-,-
2397 友通,-,-,-,-,-,-,-,-,-,-,-,-,-,-,-,-,-,-,-,-,-,-,-,-,-,-,-,,,,,-,-,-,-,-,-,-,-,-,-,-,-,-,-,-,-,-,EPSYOY,-,-,-,-,-,-
8234 新漢,-,-,-,-,-,-,-,-,-,-,-,-,-,-,-,-,-,-,-,-,-,-,-,-,-,-,-,,,,,-,-,-,-,-,-,-,-,-,-,-,-,-,-,-,-,-,EPSYOY,-,-,-,-,-,-
2395 研華,-,-,-,-,-,-,-,-,-,-,-,-,-,-,-,-,-,-,-,-,-,-,-,-,-,-,-,,,,,-,-,-,-,-,-,-,-,-,-,-,-,-,-,-,-,-,EPSYOY,-,-,-,-,-,-
6166 凌華,-,-,-,-,-,-,-,-,-,-,-,-,-,-,-,-,-,-,-,-,-,-,-,-,-,-,-,,,,,-,-,-,-,-,-,-,-,-,-,-,-,-,-,-,-,-,EPSYOY,-,-,-,-,-,-
3088 艾訊,-,-,-,-,-,-,-,-,-,-,-,-,-,-,-,-,-,-,-,-,-,-,-,-,-,-,-,,,,,-,-,-,-,-,-,-,-,-,-,-,-,-,-,-,-,-,EPSYOY,-,-,-,-,-,-
6579 研揚,-,-,-,-,-,-,-,-,-,-,-,-,-,-,-,-,-,-,-,-,-,-,-,-,-,-,-,,,,,-,-,-,-,-,-,-,-,-,-,-,-,-,-,-,-,-,EPSYOY,-,-,-,-,-,-
公司平均數,0.00,0.00,0.00,0.00,0.00,0.00,0.00,0.00,0.00,0.00,0.00,0.00,0.00,0.00,0.00,0.00,0.00,0.00,0.00,0.00,0.00,0.00,0.00,0.00,0.00,0.00,0.00,,,,,0.00,0.00,0.00,0.00,0.00,0.00,0.00,0.00,0.00,0.00,0.00,0.00,0.00,0.00,0.00,0.00,0.00,EPSYOY,0.00,0.00,0.00,0.00,0.00,0.00
電腦及週邊設備業,-,-,-,-,-,-,-,-,-,-,-,-,-,-,-,-,-,-,-,-,-,-,-,-,-,-,-,,,,,-,-,-,-,-,-,-,-,-,-,-,-,-,-,-,-,-,EPSYOY,-,-,-,-,-,-
6680 鑫創電子,-,-,-,-,-,-,-,-,-,-,-,-,-,-,-,-,-,-,-,-,-,-,-,-,-,-,-,-,-,-,-,-,-,-,-,-,-,-,-,-,-,-,-,-,-,-,-,-,OperatingCashflowToCurrentLiability,-,-,-,-,-,-
8050 廣積,-,-,-,-,-,-,-,-,-,-,-,-,-,-,-,-,-,-,-,-,-,-,-,-,-,-,-,-,-,-,-,-,-,-,-,-,-,-,-,-,-,-,-,-,-,-,-,-,OperatingCashflowToCurrentLiability,-,-,-,-,-,-
6922 宸曜,-,-,-,-,-,-,-,-,-,-,-,-,-,-,-,-,-,-,-,-,-,-,-,-,-,-,-,-,-,-,-,-,-,-,-,-,-,-,-,-,-,-,-,-,-,-,-,-,OperatingCashflowToCurrentLiability,-,-,-,-,-,-
3594 磐儀,-,-,-,-,-,-,-,-,-,-,-,-,-,-,-,-,-,-,-,-,-,-,-,-,-,-,-,-,-,-,-,-,-,-,-,-,-,-,-,-,-,-,-,-,-,-,-,-,OperatingCashflowToCurrentLiability,-,-,-,-,-,-
2397 友通,-,-,-,-,-,-,-,-,-,-,-,-,-,-,-,-,-,-,-,-,-,-,-,-,-,-,-,-,-,-,-,-,-,-,-,-,-,-,-,-,-,-,-,-,-,-,-,-,OperatingCashflowToCurrentLiability,-,-,-,-,-,-
8234 新漢,-,-,-,-,-,-,-,-,-,-,-,-,-,-,-,-,-,-,-,-,-,-,-,-,-,-,-,-,-,-,-,-,-,-,-,-,-,-,-,-,-,-,-,-,-,-,-,-,OperatingCashflowToCurrentLiability,-,-,-,-,-,-
2395 研華,-,-,-,-,-,-,-,-,-,-,-,-,-,-,-,-,-,-,-,-,-,-,-,-,-,-,-,-,-,-,-,-,-,-,-,-,-,-,-,-,-,-,-,-,-,-,-,-,OperatingCashflowToCurrentLiability,-,-,-,-,-,-
6166 凌華,-,-,-,-,-,-,-,-,-,-,-,-,-,-,-,-,-,-,-,-,-,-,-,-,-,-,-,-,-,-,-,-,-,-,-,-,-,-,-,-,-,-,-,-,-,-,-,-,OperatingCashflowToCurrentLiability,-,-,-,-,-,-
3088 艾訊,-,-,-,-,-,-,-,-,-,-,-,-,-,-,-,-,-,-,-,-,-,-,-,-,-,-,-,-,-,-,-,-,-,-,-,-,-,-,-,-,-,-,-,-,-,-,-,-,OperatingCashflowToCurrentLiability,-,-,-,-,-,-
6579 研揚,-,-,-,-,-,-,-,-,-,-,-,-,-,-,-,-,-,-,-,-,-,-,-,-,-,-,-,-,-,-,-,-,-,-,-,-,-,-,-,-,-,-,-,-,-,-,-,-,OperatingCashflowToCurrentLiability,-,-,-,-,-,-
公司平均數,0.00,0.00,0.00,0.00,0.00,0.00,0.00,0.00,0.00,0.00,0.00,0.00,0.00,0.00,0.00,0.00,0.00,0.00,0.00,0.00,0.00,0.00,0.00,0.00,0.00,0.00,0.00,0.00,0.00,0.00,0.00,0.00,0.00,0.00,0.00,0.00,0.00,0.00,0.00,0.00,0.00,0.00,0.00,0.00,0.00,0.00,0.00,0.00,OperatingCashflowToCurrentLiability,0.00,0.00,0.00,0.00,0.00,0.00
電腦及週邊設備業,-,-,-,-,-,-,-,-,-,-,-,-,-,-,-,-,-,-,-,-,-,-,-,-,-,-,-,-,-,-,-,-,-,-,-,-,-,-,-,-,-,-,-,-,-,-,-,-,OperatingCashflowToCurrentLiability,-,-,-,-,-,-
6680 鑫創電子,-,-,-,-,-,-,-,-,-,-,-,-,-,-,-,-,-,-,-,-,-,-,-,-,-,-,-,-,-,-,-,-,-,-,-,-,-,-,-,-,-,-,-,-,-,-,-,-,OperatingCashflowToLiability,-,-,-,-,-,-
8050 廣積,-,-,-,-,-,-,-,-,-,-,-,-,-,-,-,-,-,-,-,-,-,-,-,-,-,-,-,-,-,-,-,-,-,-,-,-,-,-,-,-,-,-,-,-,-,-,-,-,OperatingCashflowToLiability,-,-,-,-,-,-
6922 宸曜,-,-,-,-,-,-,-,-,-,-,-,-,-,-,-,-,-,-,-,-,-,-,-,-,-,-,-,-,-,-,-,-,-,-,-,-,-,-,-,-,-,-,-,-,-,-,-,-,OperatingCashflowToLiability,-,-,-,-,-,-
3594 磐儀,-,-,-,-,-,-,-,-,-,-,-,-,-,-,-,-,-,-,-,-,-,-,-,-,-,-,-,-,-,-,-,-,-,-,-,-,-,-,-,-,-,-,-,-,-,-,-,-,OperatingCashflowToLiability,-,-,-,-,-,-
2397 友通,-,-,-,-,-,-,-,-,-,-,-,-,-,-,-,-,-,-,-,-,-,-,-,-,-,-,-,-,-,-,-,-,-,-,-,-,-,-,-,-,-,-,-,-,-,-,-,-,OperatingCashflowToLiability,-,-,-,-,-,-
8234 新漢,-,-,-,-,-,-,-,-,-,-,-,-,-,-,-,-,-,-,-,-,-,-,-,-,-,-,-,-,-,-,-,-,-,-,-,-,-,-,-,-,-,-,-,-,-,-,-,-,OperatingCashflowToLiability,-,-,-,-,-,-
2395 研華,-,-,-,-,-,-,-,-,-,-,-,-,-,-,-,-,-,-,-,-,-,-,-,-,-,-,-,-,-,-,-,-,-,-,-,-,-,-,-,-,-,-,-,-,-,-,-,-,OperatingCashflowToLiability,-,-,-,-,-,-
6166 凌華,-,-,-,-,-,-,-,-,-,-,-,-,-,-,-,-,-,-,-,-,-,-,-,-,-,-,-,-,-,-,-,-,-,-,-,-,-,-,-,-,-,-,-,-,-,-,-,-,OperatingCashflowToLiability,-,-,-,-,-,-
3088 艾訊,-,-,-,-,-,-,-,-,-,-,-,-,-,-,-,-,-,-,-,-,-,-,-,-,-,-,-,-,-,-,-,-,-,-,-,-,-,-,-,-,-,-,-,-,-,-,-,-,OperatingCashflowToLiability,-,-,-,-,-,-
6579 研揚,-,-,-,-,-,-,-,-,-,-,-,-,-,-,-,-,-,-,-,-,-,-,-,-,-,-,-,-,-,-,-,-,-,-,-,-,-,-,-,-,-,-,-,-,-,-,-,-,OperatingCashflowToLiability,-,-,-,-,-,-
公司平均數,0.00,0.00,0.00,0.00,0.00,0.00,0.00,0.00,0.00,0.00,0.00,0.00,0.00,0.00,0.00,0.00,0.00,0.00,0.00,0.00,0.00,0.00,0.00,0.00,0.00,0.00,0.00,0.00,0.00,0.00,0.00,0.00,0.00,0.00,0.00,0.00,0.00,0.00,0.00,0.00,0.00,0.00,0.00,0.00,0.00,0.00,0.00,0.00,OperatingCashflowToLiability,0.00,0.00,0.00,0.00,0.00,0.00
電腦及週邊設備業,-,-,-,-,-,-,-,-,-,-,-,-,-,-,-,-,-,-,-,-,-,-,-,-,-,-,-,-,-,-,-,-,-,-,-,-,-,-,-,-,-,-,-,-,-,-,-,-,OperatingCashflowToLiability,-,-,-,-,-,-
6680 鑫創電子,-,-,-,-,-,-,-,-,-,-,-,-,-,-,-,-,-,-,-,-,-,-,-,-,-,-,-,-,-,-,-,-,-,-,-,-,-,-,-,-,-,-,-,-,-,-,-,-,OperatingCashflowToNetProfit,-,-,-,-,-,-
8050 廣積,-,-,-,-,-,-,-,-,-,-,-,-,-,-,-,-,-,-,-,-,-,-,-,-,-,-,-,-,-,-,-,-,-,-,-,-,-,-,-,-,-,-,-,-,-,-,-,-,OperatingCashflowToNetProfit,-,-,-,-,-,-
6922 宸曜,-,-,-,-,-,-,-,-,-,-,-,-,-,-,-,-,-,-,-,-,-,-,-,-,-,-,-,-,-,-,-,-,-,-,-,-,-,-,-,-,-,-,-,-,-,-,-,-,OperatingCashflowToNetProfit,-,-,-,-,-,-
3594 磐儀,-,-,-,-,-,-,-,-,-,-,-,-,-,-,-,-,-,-,-,-,-,-,-,-,-,-,-,-,-,-,-,-,-,-,-,-,-,-,-,-,-,-,-,-,-,-,-,-,OperatingCashflowToNetProfit,-,-,-,-,-,-
2397 友通,-,-,-,-,-,-,-,-,-,-,-,-,-,-,-,-,-,-,-,-,-,-,-,-,-,-,-,-,-,-,-,-,-,-,-,-,-,-,-,-,-,-,-,-,-,-,-,-,OperatingCashflowToNetProfit,-,-,-,-,-,-
8234 新漢,-,-,-,-,-,-,-,-,-,-,-,-,-,-,-,-,-,-,-,-,-,-,-,-,-,-,-,-,-,-,-,-,-,-,-,-,-,-,-,-,-,-,-,-,-,-,-,-,OperatingCashflowToNetProfit,-,-,-,-,-,-
2395 研華,-,-,-,-,-,-,-,-,-,-,-,-,-,-,-,-,-,-,-,-,-,-,-,-,-,-,-,-,-,-,-,-,-,-,-,-,-,-,-,-,-,-,-,-,-,-,-,-,OperatingCashflowToNetProfit,-,-,-,-,-,-
6166 凌華,-,-,-,-,-,-,-,-,-,-,-,-,-,-,-,-,-,-,-,-,-,-,-,-,-,-,-,-,-,-,-,-,-,-,-,-,-,-,-,-,-,-,-,-,-,-,-,-,OperatingCashflowToNetProfit,-,-,-,-,-,-
3088 艾訊,-,-,-,-,-,-,-,-,-,-,-,-,-,-,-,-,-,-,-,-,-,-,-,-,-,-,-,-,-,-,-,-,-,-,-,-,-,-,-,-,-,-,-,-,-,-,-,-,OperatingCashflowToNetProfit,-,-,-,-,-,-
6579 研揚,-,-,-,-,-,-,-,-,-,-,-,-,-,-,-,-,-,-,-,-,-,-,-,-,-,-,-,-,-,-,-,-,-,-,-,-,-,-,-,-,-,-,-,-,-,-,-,-,OperatingCashflowToNetProfit,-,-,-,-,-,-
公司平均數,0.00,0.00,0.00,0.00,0.00,0.00,0.00,0.00,0.00,0.00,0.00,0.00,0.00,0.00,0.00,0.00,0.00,0.00,0.00,0.00,0.00,0.00,0.00,0.00,0.00,0.00,0.00,0.00,0.00,0.00,0.00,0.00,0.00,0.00,0.00,0.00,0.00,0.00,0.00,0.00,0.00,0.00,0.00,0.00,0.00,0.00,0.00,0.00,OperatingCashflowToNetProfit,0.00,0.00,0.00,0.00,0.00,0.00
電腦及週邊設備業,-,-,-,-,-,-,-,-,-,-,-,-,-,-,-,-,-,-,-,-,-,-,-,-,-,-,-,-,-,-,-,-,-,-,-,-,-,-,-,-,-,-,-,-,-,-,-,-,OperatingCashflowToNetProfit,-,-,-,-,-,-
